old_url,new_url,status_code,reason,title
/property/26-samarpan-bungalow-bodakdev/,/localities/bodakdev/,301,Removed listing → locality guide,"5 BHK Bungalow · 26 Samarpan Bungalow, Bodakdev"
/property/31-five-zaveri-office-rent-prahladnagar/,/localities/prahlad-nagar/,301,Removed listing → locality guide,"22,500 sq.ft Office · 31 Five Zaveri, Prahlad Nagar"
/property/3rd-eye-vision-3270-office-rent-ambawadi/,/localities/ambawadi/,301,Removed listing → locality guide,"3,270 sq.ft Office · 3rd Eye Vision, Ambawadi"
/property/3rd-eye-vision-office-rent-ambawadi/,/localities/ambawadi/,301,Removed listing → locality guide,"4,740 sq.ft Office · 3rd Eye Vision, Ambawadi"
/property/9th-avenue-office-rent-bodakdev/,/localities/bodakdev/,301,Removed listing → locality guide,"10,000 sq.ft Office · 9th Avenue, Bodakdev"
/property/aaron-spectra-office-sale-bodakdev/,/localities/bodakdev/,301,Removed listing → locality guide,"1,450 sq.ft Office for Sale · Aaron Spectra, Bodakdev"
/property/aarya-epoch-office-rent-navrangpura/,/localities/navrangpura/,301,Removed listing → locality guide,"1,473 sq.ft Office · Aarya Epoch, Navrangpura"
/property/aarya-epoch-office-sale-navrangpura/,/localities/navrangpura/,301,Removed listing → locality guide,"1,473 sq.ft Office for Sale · Aarya Epoch, Navrangpura"
/property/aaryan-euphoria-3bhk-naranpura/,/localities/naranpura/,301,Removed listing → locality guide,"3 BHK 175 sq.yd Flat for Sale · Aaryan Euphoria, Naranpura"
/property/aaryan-the-one-showroom-sale-satellite/,/localities/satellite/,301,Removed listing → locality guide,"1,800 sq.ft Showroom for Sale · Aaryan The One, Satellite"
/property/aaryan-the-one-showroom-satellite/,/localities/satellite/,301,Removed listing → locality guide,"Showroom · Aaryan The One, Satellite"
/property/aaryavart-3-bungalow-prahladnagar/,/localities/prahlad-nagar/,301,Removed listing → locality guide,"4 BHK 543 sq.yd Bungalow for Sale · Aaryavart 3, Prahlad Nagar"
/property/aashirwad-paras-1-office-rent-makarba/,/localities/makarba/,301,Removed listing → locality guide,"1,260 sq.ft Office · Aashirwad Paras 1, Makarba"
/property/abhinav-bungalow-bungalow-480-rent-thaltej/,/localities/thaltej/,301,Removed listing → locality guide,"6 BHK 480 sq.yd Bungalow for Rent · Abhinav Bungalow, Thaltej"
/property/abhishree-adroit-1246-office-rent-vastrapur/,/localities/vastrapur/,301,Removed listing → locality guide,"1,246 sq.ft Office · Abhishree Adroit, Vastrapur"
/property/abhishree-adroit-1478-office-rent-vastrapur/,/localities/vastrapur/,301,Removed listing → locality guide,"1,478 sq.ft Office · Abhishree Adroit, Vastrapur"
/property/abhishree-adroit-5200-office-rent-vastrapur/,/localities/vastrapur/,301,Removed listing → locality guide,"5,200 sq.ft Office · Abhishree Adroit, Vastrapur"
/property/abhishree-adroit-office-rent-vastrapur/,/localities/vastrapur/,301,Removed listing → locality guide,"3,000 sq.ft Office · Abhishree Adroit, Vastrapur"
/property/abhishree-avenue-6831-office-rent-ambawadi/,/localities/ambawadi/,301,Removed listing → locality guide,"6,831 sq.ft Office · Abhishree Avenue, Ambawadi"
/property/abhishree-avenue-office-rent-vastrapur/,/localities/vastrapur/,301,Removed listing → locality guide,"1,670 sq.ft Office · Abhishree Avenue, Vastrapur"
/property/acropolis-mall-office-rent-sg-highway/,/localities/sg-highway/,301,Removed listing → locality guide,"41,000 sq.ft Office · The Acropolis Mall, SG Highway"
/property/adani-ambrosia-shantigram/,/projects/adani-shantigram/ambrosia/,301,Shantigram listing → its project page,"4 BHK Flats for Sale · Adani Ambrosia, Shantigram"
/property/adani-amora-shantigram/,/projects/adani-shantigram/amora/,301,Shantigram listing → its project page,"3 BHK Flats for Sale · Adani Amora, Shantigram"
/property/adani-belrosa-shantigram/,/projects/adani-shantigram/belrosa/,301,Shantigram listing → its project page,"4, 5 & 6 BHK Flats for Sale · Adani Belrosa, Shantigram"
/property/adani-elysium-novus-shantigram/,/projects/adani-shantigram/elysium-novus/,301,Shantigram listing → its project page,"2 & 3 BHK Flats for Sale · Adani Elysium Novus, Shantigram"
/property/adani-embrace-shantigram/,/projects/adani-shantigram/embrace/,301,Shantigram listing → its project page,"3 BHK Flats for Sale · Adani Embrace, Shantigram"
/property/adani-greenfield-shantigram/,/projects/adani-shantigram/greenfield/,301,Shantigram listing → its project page,"3 & 4 BHK + Penthouse Flats for Sale · Adani Greenfield, Shantigram"
/property/adani-ikaria-shantigram/,/projects/adani-shantigram/ikaria/,301,Shantigram listing → its project page,"1 & 2 BHK Flats for Sale · Adani Ikaria, Shantigram"
/property/adani-north-park-shantigram/,/projects/adani-shantigram/the-north-park/,301,Shantigram listing → its project page,"4 BHK Villas Villas for Sale · The North Park, Shantigram"
/property/adani-paarijat-shantigram/,/projects/adani-shantigram/paarijat/,301,Shantigram listing → its project page,"3 & 4 BHK Flats for Sale · Adani Paarijat, Shantigram"
/property/adani-skyline-shantigram/,/projects/adani-shantigram/skyline/,301,Shantigram listing → its project page,"4 BHK Flats for Sale · Adani Skyline, Shantigram"
/property/adani-storeys-golf-coast-shantigram/,/projects/adani-shantigram/the-storeys-golf-coast/,301,Shantigram listing → its project page,"4 & 5 BHK Flats for Sale · The Storeys Golf Coast, Shantigram"
/property/adani-storeys-infinity-shantigram/,/projects/adani-shantigram/the-storeys-infinity/,301,Shantigram listing → its project page,"4 BHK & 5 BHK Penthouse Flats for Sale · The Storeys Infinity, Shantigram"
/property/adani-west-park-shantigram/,/projects/adani-shantigram/the-west-park/,301,Shantigram listing → its project page,"Residential Plots Plots for Sale · The West Park, Shantigram"
/property/adwait-complex-office-rent-vastrapur/,/localities/vastrapur/,301,Removed listing → locality guide,"1,250 sq.ft Office · Adwait Complex, Vastrapur"
/property/akshar-arcade-office-rent-memnagar/,/localities/memnagar/,301,Removed listing → locality guide,"1,014 sq.ft Office · Akshar Arcade, Memnagar"
/property/altimus-1000-office-rent-ashram-road/,/localities/ashram-road/,301,Removed listing → locality guide,"1,000 sq.ft Office · Altimus, Ashram Road"
/property/altimus-1041-office-rent-ashram-road/,/localities/ashram-road/,301,Removed listing → locality guide,"1,041 sq.ft Office · Altimus, Ashram Road"
/property/altimus-2000-office-rent-ashram-road/,/localities/ashram-road/,301,Removed listing → locality guide,"2,000 sq.ft Office · Altimus, Ashram Road"
/property/altimus-2800-office-rent-ashram-road/,/localities/ashram-road/,301,Removed listing → locality guide,"2,800 sq.ft Office · Altimus, Ashram Road"
/property/altimus-9000-office-rent-ashram-road/,/localities/ashram-road/,301,Removed listing → locality guide,"9,000 sq.ft Office · Altimus, Ashram Road"
/property/ambli-heights-3bhk-rent-ambli/,/localities/ambli/,301,Removed listing → locality guide,"3 BHK 1,600 sq.ft Flat · Ambli Heights, Ambli"
/property/amrapali-lakeview-office-rent-vastrapur/,/localities/vastrapur/,301,Removed listing → locality guide,"3,012 sq.ft Office · Amrapali Lakeview, Vastrapur"
/property/anam-2-office-sale-bopal/,/localities/bopal/,301,Removed listing → locality guide,"5,000 sq.ft Office for Sale · Anam 2, Bopal"
/property/anam-3-office-sale-bopal/,/localities/bopal/,301,Removed listing → locality guide,"1,200 sq.ft Office for Sale · Anam 3, Bopal"
/property/anam-4-office-sale-bopal/,/localities/bopal/,301,Removed listing → locality guide,"3,000 sq.ft Office for Sale · Anam 4, Bopal"
/property/anam-5-office-sale-bopal/,/localities/bopal/,301,Removed listing → locality guide,"8,000 sq.ft Office for Sale · Anam 5, Bopal"
/property/anishree-paratistha-apartment-2592-sale-gulbai-tekra/,/localities/gulbai-tekra/,301,Removed listing → locality guide,"3 BHK 2,592 sq.ft Flat for Sale · Anishree paratistha, Gulbai Tekra"
/property/anmol-business-center-office-rent-navrangpura/,/localities/navrangpura/,301,Removed listing → locality guide,"6,983 sq.ft Office · Anmol Business Center, Navrangpura"
/property/antarkshitij-plot-thol-road/,/localities/thol-road/,301,Removed listing → locality guide,"1,300 sq.yd Plot for Sale · Antarkshitij, Thol Road"
/property/anusthan-bungalow-bungalow-245-sale-sola/,/localities/sola/,301,Removed listing → locality guide,"3 BHK 245 sq.yd Bungalow for Sale · anusthan Bungalow, Sola"
/property/arista-8-office-rent-bodakdev/,/localities/bodakdev/,301,Removed listing → locality guide,"9,800 sq.ft Office · Arista 8, Bodakdev"
/property/arjun-villa-bungalow-250-rent-satellite/,/localities/satellite/,301,Removed listing → locality guide,"4 BHK 250 sq.yd Bungalow for Rent · Arjun villa, Satellite"
/property/arjun-villa-bunglows-bungalow-291-sale-prahlad-nagar/,/localities/prahlad-nagar/,301,Removed listing → locality guide,"4 BHK 291 sq.yd Bungalow for Sale · Arjun Villa Bunglows, Prahladnagar"
/property/artifino-4bhk-thaltej/,/localities/thaltej/,301,Removed listing → locality guide,"4 BHK 4,000 sq.ft Flat for Sale · Artifino, Thaltej"
/property/arvind-citadel-apartment-1754-sale-navrangpura/,/localities/navrangpura/,301,Removed listing → locality guide,"3 BHK 1,754 sq.ft Flat for Sale · Arvind Citadel, Navrangpura"
/property/aryaman-bungalow-bungalow-570-sale-shilaj/,/localities/shilaj/,301,Removed listing → locality guide,"4 BHK 570 sq.yd Bungalow for Sale · aryaman Bungalow, Shilaj"
/property/aryaman-residency-bungalow-582-sale-shilaj/,/localities/shilaj/,301,Removed listing → locality guide,"582 sq.yd Bungalow for Sale · Aryaman Residency, Shilaj"
/property/ashwamegh-elegance-2-office-sale-ambawadi/,/localities/ambawadi/,301,Removed listing → locality guide,"905 sq.ft Office for Sale · Ashwamegh Elegance 2, Ambawadi"
/property/aurania-apartment-3050-sale-satellite/,/localities/satellite/,301,Removed listing → locality guide,"3 BHK 3,050 sq.ft Flat for Sale · Aurania, Satellite"
/property/aurania-apartment-4200-sale-satellite/,/localities/satellite/,301,Removed listing → locality guide,"4 BHK 4,200 sq.ft Flat for Sale · Aurania, Satellite"
/property/avdhesh-house-6000-office-rent-bodakdev/,/localities/bodakdev/,301,Removed listing → locality guide,"6,000 sq.ft Office · Avdhesh House, Bodakdev"
/property/avdhesh-house-office-rent-bodakdev/,/localities/bodakdev/,301,Removed listing → locality guide,"9,650 sq.ft Office · Avdhesh House, Bodakdev"
/property/aws-3-office-rent-memnagar/,/localities/memnagar/,301,Removed listing → locality guide,"16,000 sq.ft Office · AWS 3, Memnagar"
/property/b23-showroom-ambli/,/localities/ambli/,301,Removed listing → locality guide,"3,800 sq.ft Showroom · B23, Ambli"
/property/binori-b-square-1-office-rent-ambli/,/localities/ambli/,301,Removed listing → locality guide,"2,100 sq.ft Office · Binori B Square 1, Ambli"
/property/binori-b-square-1-office-sale-ambli/,/localities/ambli/,301,Removed listing → locality guide,"2,100 sq.ft Office for Sale · Binori B Square 1, Ambli"
/property/binori-b-square-3-office-rent-bodakdev/,/localities/bodakdev/,301,Removed listing → locality guide,"5,000 sq.ft Office · Binori B Square 3, Bodakdev"
/property/binori-b-square-3-office-sale-bodakdev/,/localities/bodakdev/,301,Removed listing → locality guide,"1,350 sq.ft super built up Office for Sale · Binori B Square 3, Bodakdev"
/property/binori-pristine-penthouse-2925-sale-satellite/,/localities/satellite/,301,Removed listing → locality guide,"4 BHK 2,925 sq.ft Penthouse for Sale · Binori Pristine, Satellite"
/property/brooklyn-tower-4747-office-sale-makarba/,/localities/makarba/,301,Removed listing → locality guide,"4,747 sq.ft Office for Sale · Brooklyn Tower, Makarba"
/property/brooklyn-towers-office-rent-sg-highway/,/localities/sg-highway/,301,Removed listing → locality guide,"4,300 sq.ft super built up Office · Brooklyn Towers, SG Highway"
/property/bvr-ek-1231-office-rent-paldi/,/localities/paldi/,301,Removed listing → locality guide,"1,231 sq.ft Office · BVR EK, Paldi"
/property/bvr-ek-1231-office-sale-paldi/,/localities/paldi/,301,Removed listing → locality guide,"1,231 sq.ft Office for Sale · BVR EK, Paldi"
/property/bvr-ek-3000-office-rent-paldi/,/localities/paldi/,301,Removed listing → locality guide,"3,000 sq.ft Office · BVR EK, Paldi"
/property/bvr-ek-3600-office-rent-paldi/,/localities/paldi/,301,Removed listing → locality guide,"3,600 sq.ft Office · BVR EK, Paldi"
/property/bvr-ek-3700-office-rent-paldi/,/localities/paldi/,301,Removed listing → locality guide,"3,700 sq.ft Office · BVR EK, Paldi"
/property/bvr-ek-3700-office-sale-paldi/,/localities/paldi/,301,Removed listing → locality guide,"3,700 sq.ft Office for Sale · BVR EK, Paldi"
/property/bvr-ek-5005-office-rent-paldi/,/localities/paldi/,301,Removed listing → locality guide,"5,005 sq.ft Office · BVR EK, Paldi"
/property/bvr-ek-925-office-rent-paldi/,/localities/paldi/,301,Removed listing → locality guide,"925 sq.ft Office · BVR EK, Paldi"
/property/bvr-ek-925-office-sale-paldi/,/localities/paldi/,301,Removed listing → locality guide,"925 sq.ft Office for Sale · BVR EK, Paldi"
/property/campus-corner-office-sale-navrangpura/,/localities/navrangpura/,301,Removed listing → locality guide,"3,000 sq.ft Office for Sale · Campus Corner, Navrangpura"
/property/capstone-office-rent-ellis-bridge/,/localities/ellisbridge/,301,Removed listing → locality guide,"4,767 sq.ft Office · Capstone, Ellis Bridge"
/property/casa-emplio-apartment-3600-sale-thaltej/,/localities/thaltej/,301,Removed listing → locality guide,"4 BHK 3,600 sq.ft Flat for Sale · Casa emplio, Thaltej"
/property/casa-vyoma-apartment-1652-sale-vastrapur/,/localities/vastrapur/,301,Removed listing → locality guide,"3 BHK 1,652 sq.ft Flat for Sale · Casa vyoma, Vastrapur"
/property/chandan-house-2300-office-rent-navrangpura/,/localities/navrangpura/,301,Removed listing → locality guide,"2,300 sq.ft Office · Chandan House, Navrangpura"
/property/chandan-house-office-rent-navrangpura/,/localities/navrangpura/,301,Removed listing → locality guide,"7,350 sq.ft super built up Office · Chandan House, Navrangpura"
/property/chekhla-plot-1146-sale-chekhla/,/localities/chekhla/,301,Removed listing → locality guide,"1,146 sq.yd Residential Plot for Sale · Chekhla"
/property/city-centre-2-showroom-science-city/,/localities/science-city/,301,Removed listing → locality guide,"Showroom · City Centre 2, Science City"
/property/colonnade-1055-office-rent-ambli/,/localities/ambli/,301,Removed listing → locality guide,"1,055 sq.ft super built up Office · Colonnade, Ambli"
/property/colonnade-1872-office-rent-ambli/,/localities/ambli/,301,Removed listing → locality guide,"1,872 sq.ft super built up Office · Colonnade, Ambli"
/property/colonnade-1872-office-sale-ambli/,/localities/ambli/,301,Removed listing → locality guide,"1,872 sq.ft Office for Sale · Colonnade, Ambli"
/property/colonnade-3508-office-sale-ambli/,/localities/ambli/,301,Removed listing → locality guide,"3,508 sq.ft Office for Sale · Colonnade, Ambli"
/property/colonnade-4563-office-rent-ambli/,/localities/ambli/,301,Removed listing → locality guide,"4,563 sq.ft super built up Office · Colonnade, Ambli"
/property/commerce-house-4-office-rent-prahladnagar/,/localities/prahlad-nagar/,301,Removed listing → locality guide,"17,700 sq.ft Office · Commerce House 4, Prahlad Nagar"
/property/commerce-house-5-office-rent-prahladnagar/,/localities/prahlad-nagar/,301,Removed listing → locality guide,"3,188 sq.ft Office · Commerce House 5, Prahlad Nagar"
/property/commercial-showroom-showroom-1000-rent-navrangpura/,/localities/navrangpura/,301,Removed listing → locality guide,"1,000 sq.ft Showroom for Rent · Commercial Showroom, Navrangpura"
/property/commercial-showroom-showroom-1000-rent-prahlad-nagar/,/localities/prahlad-nagar/,301,Removed listing → locality guide,"1,000 sq.ft Showroom for Rent · Commercial Showroom, Prahladnagar"
/property/commercial-showroom-showroom-1100-sale-satellite/,/localities/satellite/,301,Removed listing → locality guide,"1,100 sq.ft Showroom for Sale · Commercial Showroom, Satellite"
/property/commercial-showroom-showroom-1300-rent-satellite/,/localities/satellite/,301,Removed listing → locality guide,"1,300 sq.ft Showroom for Rent · Commercial Showroom, Satellite"
/property/commercial-showroom-showroom-1300-rent-vastrapur/,/localities/vastrapur/,301,Removed listing → locality guide,"1,300 sq.ft Showroom for Rent · Commercial Showroom, Vastrapur"
/property/commercial-showroom-showroom-1300-sale-navrangpura/,/localities/navrangpura/,301,Removed listing → locality guide,"1,300 sq.ft Showroom for Sale · Commercial Showroom, Navrangpura"
/property/commercial-showroom-showroom-1300-sale-vastrapur/,/localities/vastrapur/,301,Removed listing → locality guide,"1,300 sq.ft Showroom for Sale · Commercial Showroom, Vastrapur"
/property/commercial-showroom-showroom-1470-rent-gurukul/,/localities/gurukul/,301,Removed listing → locality guide,"1,470 sq.ft Showroom for Rent · Commercial Showroom, Gurukul"
/property/commercial-showroom-showroom-1700-rent-ambawadi/,/localities/ambawadi/,301,Removed listing → locality guide,"1,700 sq.ft Showroom for Rent · Commercial Showroom, Ambawadi"
/property/commercial-showroom-showroom-1700-rent-satellite/,/localities/satellite/,301,Removed listing → locality guide,"1,700 sq.ft Showroom for Rent · Commercial Showroom, Satellite"
/property/commercial-showroom-showroom-1750-rent-satellite/,/localities/satellite/,301,Removed listing → locality guide,"1,750 sq.ft Showroom for Rent · Commercial Showroom, Satellite"
/property/commercial-showroom-showroom-1800-sale-navrangpura/,/localities/navrangpura/,301,Removed listing → locality guide,"1,800 sq.ft Showroom for Sale · Commercial Showroom, Navrangpura"
/property/commercial-showroom-showroom-1900-rent-gurukul/,/localities/gurukul/,301,Removed listing → locality guide,"1,900 sq.ft Showroom for Rent · Commercial Showroom, Gurukul"
/property/commercial-showroom-showroom-1900-sale-navrangpura/,/localities/navrangpura/,301,Removed listing → locality guide,"1,900 sq.ft Showroom for Sale · Commercial Showroom, Navrangpura"
/property/commercial-showroom-showroom-2000-rent-prahlad-nagar/,/localities/prahlad-nagar/,301,Removed listing → locality guide,"2,000 sq.ft Showroom for Rent · Commercial Showroom, Prahladnagar"
/property/commercial-showroom-showroom-2000-rent-sindhu-bhavan-road/,/localities/sindhu-bhavan-road/,301,Removed listing → locality guide,"2,000 sq.ft Showroom for Rent · Commercial Showroom, Sindhu Bhavan Road"
/property/commercial-showroom-showroom-2200-rent-navrangpura/,/localities/navrangpura/,301,Removed listing → locality guide,"2,200 sq.ft Showroom for Rent · Commercial Showroom, Navrangpura"
/property/commercial-showroom-showroom-2200-rent-sg-highway/,/localities/sg-highway/,301,Removed listing → locality guide,"2,200 sq.ft Showroom for Rent · Commercial Showroom, SG Highway"
/property/commercial-showroom-showroom-2300-rent-sindhu-bhavan-road/,/localities/sindhu-bhavan-road/,301,Removed listing → locality guide,"2,300 sq.ft Showroom for Rent · Commercial Showroom, Sindhu Bhavan Road"
/property/commercial-showroom-showroom-2500-sale--2-sg-highway/,/localities/sg-highway/,301,Removed listing → locality guide,"2,500 sq.ft Showroom for Sale · Commercial Showroom, SG Highway"
/property/commercial-showroom-showroom-2500-sale-ff-sg-highway/,/localities/sg-highway/,301,Removed listing → locality guide,"2,500 sq.ft Showroom for Sale · Commercial Showroom, SG Highway"
/property/commercial-showroom-showroom-2500-sale-sg-highway/,/localities/sg-highway/,301,Removed listing → locality guide,"2,500 sq.ft Showroom for Sale · Commercial Showroom, SG Highway"
/property/commercial-showroom-showroom-2750-rent-navrangpura/,/localities/navrangpura/,301,Removed listing → locality guide,"2,750 sq.ft Showroom for Rent · Commercial Showroom, Navrangpura"
/property/commercial-showroom-showroom-3700-rent-prahlad-nagar/,/localities/prahlad-nagar/,301,Removed listing → locality guide,"3,700 sq.ft Showroom for Rent · Commercial Showroom, Prahladnagar"
/property/commercial-showroom-showroom-4300-rent-navrangpura/,/localities/navrangpura/,301,Removed listing → locality guide,"4,300 sq.ft Showroom for Rent · Commercial Showroom, Navrangpura"
/property/commercial-showroom-showroom-5100-rent-navrangpura/,/localities/navrangpura/,301,Removed listing → locality guide,"5,100 sq.ft Showroom for Rent · Commercial Showroom, Navrangpura"
/property/commercial-showroom-showroom-600-rent-bodakdev/,/localities/bodakdev/,301,Removed listing → locality guide,"600 sq.ft Showroom for Rent · Commercial Showroom, Bodakdev"
/property/commercial-showroom-showroom-600-rent-navrangpura/,/localities/navrangpura/,301,Removed listing → locality guide,"600 sq.ft Showroom for Rent · Commercial Showroom, Navrangpura"
/property/commercial-showroom-showroom-620-rent-shela/,/localities/shela/,301,Removed listing → locality guide,"620 sq.ft Showroom for Rent · Commercial Showroom, Shela"
/property/commercial-showroom-showroom-650-sale-vastrapur/,/localities/vastrapur/,301,Removed listing → locality guide,"650 sq.ft Showroom for Sale · Commercial Showroom, Vastrapur"
/property/commercial-showroom-showroom-6500-rent-prahlad-nagar/,/localities/prahlad-nagar/,301,Removed listing → locality guide,"6,500 sq.ft Showroom for Rent · Commercial Showroom, Prahladnagar"
/property/commercial-showroom-showroom-750-rent-navrangpura/,/localities/navrangpura/,301,Removed listing → locality guide,"750 sq.ft Showroom for Rent · Commercial Showroom, Navrangpura"
/property/commercial-showroom-showroom-750-sale-navrangpura/,/localities/navrangpura/,301,Removed listing → locality guide,"750 sq.ft Showroom for Sale · Commercial Showroom, Navrangpura"
/property/commercial-showroom-showroom-945-sale-memnagar/,/localities/memnagar/,301,Removed listing → locality guide,"945 sq.ft Showroom for Sale · Commercial Showroom, Memnagar"
/property/copper-stone-apartment-2250-rent-thaltej/,/localities/thaltej/,301,Removed listing → locality guide,"3 BHK 2,250 sq.ft Flat for Rent · Copper stone, Thaltej"
/property/copper-stone-apartment-2800-sale-thaltej/,/localities/thaltej/,301,Removed listing → locality guide,"4 BHK 2,800 sq.ft Flat for Sale · Copper Stone, Thaltej"
/property/copper-stone-apartment-3400-rent-thaltej/,/localities/thaltej/,301,Removed listing → locality guide,"4 BHK 3,400 sq.ft Flat for Rent · Copper stone, Thaltej"
/property/copper-stone-apartment-3400-sale-thaltej/,/localities/thaltej/,301,Removed listing → locality guide,"4 BHK 3,400 sq.ft Flat for Sale · Copper stone, Thaltej"
/property/corporate-building-12500-office-rent-ashram-road/,/localities/ashram-road/,301,Removed listing → locality guide,"12,500 sq.ft Office · Corporate Building, Ashram Road"
/property/corporate-building-20000-office-rent-ambli/,/localities/ambli/,301,Removed listing → locality guide,"20,000 sq.ft Office · Corporate Building, Ambli"
/property/corporate-building-21500-office-rent-ambli/,/localities/ambli/,301,Removed listing → locality guide,"21,500 sq.ft Office · Corporate Building, Ambli"
/property/corporate-building-23000-office-rent-ambli/,/localities/ambli/,301,Removed listing → locality guide,"23,000 sq.ft Office · Corporate Building, Ambli"
/property/corporate-building-25000-office-rent-ashram-road/,/localities/ashram-road/,301,Removed listing → locality guide,"25,000 sq.ft Office · Corporate Building, Ashram Road"
/property/corporate-building-iscon-ambli-10000-office-rent-ambli/,/localities/ambli/,301,Removed listing → locality guide,"10,000 sq.ft Office · Corporate Building (Iscon Ambli), Ambli"
/property/corporate-building-iscon-ambli-15000-office-rent-ambli/,/localities/ambli/,301,Removed listing → locality guide,"15,000 sq.ft super built up Office · Corporate Building (Iscon Ambli), Ambli"
/property/corporate-building-iscon-ambli-30000-office-rent-ambli/,/localities/ambli/,301,Removed listing → locality guide,"30,000 sq.ft Office · Corporate Building (Iscon Ambli), Ambli"
/property/corporate-building-iscon-ambli-office-rent-ambli/,/localities/ambli/,301,Removed listing → locality guide,"18,000 sq.ft super built up Office · Corporate Building, Ambli"
/property/corporate-house-office-ambli/,/localities/ambli/,301,Removed listing → locality guide,"12,500 sq.ft Office · Corporate House, Ambli"
/property/corporate-house-sbr-office-rent-bodakdev/,/localities/bodakdev/,301,Removed listing → locality guide,"9,800 sq.ft super built up Office · Corporate House, Bodakdev"
/property/dev-atelier-office-sale-prahladnagar/,/localities/prahlad-nagar/,301,Removed listing → locality guide,"787 sq.ft Office for Sale · Dev Atelier, Prahlad Nagar"
/property/dev-auram-office-rent-prahladnagar/,/localities/prahlad-nagar/,301,Removed listing → locality guide,"2,525 sq.ft Office · Dev Auram, Prahlad Nagar"
/property/drive-in-road-apartment-480-rent-thaltej/,/localities/thaltej/,301,Removed listing → locality guide,"6 BHK 480 sq.yd Flat for Rent · Drive in road, Thaltej"
/property/earth-arise-office-rent-sg-highway/,/localities/sg-highway/,301,Removed listing → locality guide,"3,655 sq.ft super built up Office · Earth Arise, SG Highway"
/property/earth-arise-office-sale-sg-highway/,/localities/sg-highway/,301,Removed listing → locality guide,"3,655 sq.ft super built up Office for Sale · Earth Arise, SG Highway"
/property/east-face-office-rent-ambli/,/localities/ambli/,301,Removed listing → locality guide,"4,000 sq.ft Office · East Face, Ambli"
/property/gala-empire-office-rent-memnagar/,/localities/memnagar/,301,Removed listing → locality guide,"650 sq.ft Office · Gala Empire, Memnagar"
/property/gallops-mall-office-sale-ambli/,/localities/ambli/,301,Removed listing → locality guide,"8,400 sq.ft Office for Sale · Gallops Mall, Ambli"
/property/ganesh-meridian-1441-office-rent-sola/,/localities/sola/,301,Removed listing → locality guide,"1,441 sq.ft Office · Ganesh Meridian, Sola"
/property/ganesh-meridian-office-rent-sola/,/localities/sola/,301,Removed listing → locality guide,"1,600 sq.ft Office · Ganesh Meridian, Sola"
/property/ganesh-meridian-office-sale-sola/,/localities/sola/,301,Removed listing → locality guide,"1,600 sq.ft Office for Sale · Ganesh Meridian, Sola"
/property/gnfc-tower-22000-office-rent-sg-highway/,/localities/sg-highway/,301,Removed listing → locality guide,"22,000 sq.ft Office · GNFC Tower, SG Highway"
/property/gnfc-tower-24000-office-rent-sg-highway/,/localities/sg-highway/,301,Removed listing → locality guide,"24,000 sq.ft Office · GNFC Tower, SG Highway"
/property/gnfc-tower-5100-office-rent-sg-highway/,/localities/sg-highway/,301,Removed listing → locality guide,"5,100 sq.ft Office · GNFC Tower, SG Highway"
/property/gnfc-tower-6100-office-rent-sg-highway/,/localities/sg-highway/,301,Removed listing → locality guide,"6,100 sq.ft Office · GNFC Tower, SG Highway"
/property/gnfc-tower-8100-office-rent-sg-highway/,/localities/sg-highway/,301,Removed listing → locality guide,"8,100 sq.ft Office · GNFC Tower, SG Highway"
/property/grand-bhagawati-4bhk-bodakdev/,/localities/bodakdev/,301,Removed listing → locality guide,"4 BHK 272 sq.yd Flat for Sale · 4 BHK near Grand Bhagawati, Bodakdev"
/property/gulmohar-greens-bungalow-science-city/,/localities/science-city/,301,Removed listing → locality guide,"4 BHK 416 sq.yd Bungalow for Sale · Gulmohar Greens, Science City"
/property/hiramani-apartment-3bhk-vastrapur/,/localities/vastrapur/,301,Removed listing → locality guide,"3 BHK 150 sq.yd Flat for Sale · Hiramani Apartment, Vastrapur"
/property/iconic-shyamal-1226-office-rent-shyamal/,/localities/shyamal/,301,Removed listing → locality guide,"1,226 sq.ft Office · Iconic Shyamal, Shyamal"
/property/iconic-shyamal-office-rent-shyamal/,/localities/shyamal/,301,Removed listing → locality guide,"2,933 sq.ft super built up Office · Iconic Shyamal, Shyamal"
/property/inceptum-showroom-ambli/,/localities/ambli/,301,Removed listing → locality guide,"5,800 sq.ft Showroom · Inceptum, Ambli"
/property/individual-bungalow-bungalow-558-sale-ghatlodia/,/localities/ghatlodia/,301,Removed listing → locality guide,"5 BHK 558 sq.yd Bungalow for Sale · Individual bungalow, Ghatlodia"
/property/indraprasth-corporate-park-office-sale-makarba/,/localities/makarba/,301,Removed listing → locality guide,"1,575 sq.ft Office for Sale · Indraprasth Corporate Park, Makarba"
/property/indraprasth-corporate-showroom-3550-rent-prahlad-nagar/,/localities/prahlad-nagar/,301,Removed listing → locality guide,"3,550 sq.ft Showroom for Rent · Indraprasth Corporate, Prahladnagar"
/property/indraprastha-shivanta-apartment-3180-sale-ambli/,/localities/ambli/,301,Removed listing → locality guide,"4 BHK 3,180 sq.ft Flat for Sale · Indraprastha Shivanta, Ambli"
/property/iris-exotica-apartment-3500-rent-prahlad-nagar/,/localities/prahlad-nagar/,301,Removed listing → locality guide,"4 BHK 3,500 sq.ft Flat for Rent · Iris Exotica, Prahladnagar"
/property/iscon-arcade-office-rent-navrangpura/,/localities/navrangpura/,301,Removed listing → locality guide,"4,400 sq.ft Office · Iscon Arcade, Navrangpura"
/property/iscon-arcade-office-sale-navrangpura/,/localities/navrangpura/,301,Removed listing → locality guide,"4,400 sq.ft Office for Sale · Iscon Arcade, Navrangpura"
/property/iscon-center-office-rent-satellite/,/localities/satellite/,301,Removed listing → locality guide,"5,000 sq.ft super built up Office · Iscon Center, Satellite"
/property/iscon-elegance-2120-office-rent-sg-highway/,/localities/sg-highway/,301,Removed listing → locality guide,"2,120 sq.ft Office · Iscon Elegance, SG Highway"
/property/iscon-elegance-office-rent-sg-highway/,/localities/sg-highway/,301,Removed listing → locality guide,"2,477 sq.ft super built up Office · Iscon Elegance, SG Highway"
/property/iscon-elegance-office-sale-sg-highway/,/localities/sg-highway/,301,Removed listing → locality guide,"2,477 sq.ft Office for Sale · Iscon Elegance, SG Highway"
/property/iscon-mall-6500-office-sale-jodhpur/,/localities/jodhpur/,301,Removed listing → locality guide,"6,500 sq.ft super built up Office for Sale · Iscon Mall, Jodhpur"
/property/iscon-mall-office-rent-jodhpur/,/localities/jodhpur/,301,Removed listing → locality guide,"1,875 sq.ft Office · Iscon Mall, Jodhpur"
/property/iscon-mall-office-sale-jodhpur/,/localities/jodhpur/,301,Removed listing → locality guide,"1,875 sq.ft Office for Sale · Iscon Mall, Jodhpur"
/property/iscon-platinium-4bhk-bopal/,/localities/bopal/,301,Removed listing → locality guide,"4 BHK 4,385 sq.ft Flat for Sale · Iscon Platinium, Bopal"
/property/iscon-platinum-apartment-3000-rent-bopal/,/localities/bopal/,301,Removed listing → locality guide,"4 BHK 3,000 sq.ft Flat for Rent · Iscon Platinum, Bopal"
/property/judges-bungalow-road-bungalow-vastrapur/,/localities/vastrapur/,301,Removed listing → locality guide,"3,500 sq.ft Commercial Bungalow · Judges Bungalow Road, Vastrapur"
/property/k-158-office-sale-bodakdev/,/localities/bodakdev/,301,Removed listing → locality guide,"1,650 sq.ft Office for Sale · K 158, Bodakdev"
/property/kadambari-1-plot-rancharda/,/localities/rancharda/,301,Removed listing → locality guide,"700 sq.yd Plot for Sale · Kadambari 1, Rancharda"
/property/kairos-office-rent-memnagar/,/localities/memnagar/,301,Removed listing → locality guide,"860 sq.ft Office · Kairos, Memnagar"
/property/kalapunam-building-office-rent-navrangpura/,/localities/navrangpura/,301,Removed listing → locality guide,"2,632 sq.ft Office · Kalapunam Building, Navrangpura"
/property/kalhar-bungalow-shilaj/,/localities/shilaj/,301,Removed listing → locality guide,"4 BHK 800 sq.yd Bungalow for Sale · Kalhar Bungalow, Shilaj"
/property/kallisto-14-apartment-2170-sale-satellite/,/localities/satellite/,301,Removed listing → locality guide,"2,170 sq.ft Flat for Sale · Kallisto 14, Satellite"
/property/kameshvar-dev-plot-sindhubhavan/,/localities/sindhu-bhavan-road/,301,Removed listing → locality guide,"638 sq.yd Plot for Sale · Kameshvar Dev, Sindhubhavan"
/property/keshavbag-capital-office-vastrapur/,/localities/vastrapur/,301,Removed listing → locality guide,"12,500 sq.ft Office · Keshavbag Capital, Vastrapur"
/property/keshavbaug-capital-showroom-vastrapur/,/localities/vastrapur/,301,Removed listing → locality guide,"Showroom · Keshavbaug Capital, Vastrapur"
/property/krish-cubical-2266-office-rent-thaltej/,/localities/thaltej/,301,Removed listing → locality guide,"2,266 sq.ft Office · Krish Cubical, Thaltej"
/property/krish-cubical-6000-office-rent-thaltej/,/localities/thaltej/,301,Removed listing → locality guide,"6,000 sq.ft Office · Krish Cubical, Thaltej"
/property/krish-cubical-office-rent-thaltej/,/localities/thaltej/,301,Removed listing → locality guide,"10,350 sq.ft super built up Office · Krish Cubical, Thaltej"
/property/landmark-building-office-rent-prahladnagar/,/localities/prahlad-nagar/,301,Removed listing → locality guide,"8,000 sq.ft Office · Landmark Building, Prahlad Nagar"
/property/madhav-iconic-apartment-4077-sale-bodakdev/,/localities/bodakdev/,301,Removed listing → locality guide,"4 BHK 4,077 sq.ft Flat for Sale · Madhav Iconic, Bodakdev"
/property/madhav-oeuvre-2-apartment-4688-sale-bodakdev/,/localities/bodakdev/,301,Removed listing → locality guide,"4 BHK 4,688 sq.ft Flat for Sale · Madhav oeuvre 2, Bodakdev"
/property/magnet-corporate-park-office-rent-thaltej/,/localities/thaltej/,301,Removed listing → locality guide,"5,000 sq.ft super built up Office · Magnet Corporate Park, Thaltej"
/property/manekbag-bungalow-bungalow-400-sale-manekbag/,/localities/manekbag/,301,Removed listing → locality guide,"4 BHK 400 sq.yd Bungalow for Sale · Manekbag Bungalow, Manekbag"
/property/manor-max-office-sale-navrangpura/,/localities/navrangpura/,301,Removed listing → locality guide,"4,500 sq.ft Office for Sale · Manor Max, Navrangpura"
/property/maple-trade-centre-2995-office-rent-thaltej/,/localities/thaltej/,301,Removed listing → locality guide,"2,995 sq.ft super built up Office · Maple Trade Centre, Thaltej"
/property/maple-trade-centre-office-rent-thaltej/,/localities/thaltej/,301,Removed listing → locality guide,"4,593 sq.ft super built up Office · Maple Trade Centre, Thaltej"
/property/maple-trade-centre-showroom-thaltej/,/localities/thaltej/,301,Removed listing → locality guide,"2,300 sq.ft Showroom for Sale · Maple Trade Centre, Thaltej"
/property/maple-tree-3bhk-thaltej/,/localities/thaltej/,301,Removed listing → locality guide,"3 BHK 2,200 sq.ft Flat for Sale · Maple Tree, Thaltej"
/property/mapple-tree-apartment-2394-sale-thaltej/,/localities/thaltej/,301,Removed listing → locality guide,"3 BHK 2,394 sq.ft Flat for Sale · Mapple tree, Thaltej"
/property/maradia-plaza-office-rent-navrangpura/,/localities/navrangpura/,301,Removed listing → locality guide,"10,000 sq.ft Office · Maradia Plaza, Navrangpura"
/property/maruti-the-ridge-showroom-sg-highway/,/localities/sg-highway/,301,Removed listing → locality guide,"2,800 sq.ft Showroom · Maruti The Ridge, SG Highway"
/property/maruti-vertex-office-sale-bodakdev/,/localities/bodakdev/,301,Removed listing → locality guide,"5,000 sq.ft Office for Sale · Maruti Vertex, Bodakdev"
/property/maruti-zenobia-3bhk-thaltej/,/localities/thaltej/,301,Removed listing → locality guide,"3 BHK 1,755 sq.ft Flat for Sale · Maruti Zenobia, Thaltej"
/property/million-minds-office-ambli/,/localities/ambli/,301,Removed listing → locality guide,"10,000 to 41,000 sq.ft Office · Million Minds, Ambli"
/property/mondeal-heights-1467-office-rent-sg-highway/,/localities/sg-highway/,301,Removed listing → locality guide,"1,467 sq.ft Office · Mondeal Heights, SG Highway"
/property/mondeal-heights-1611-office-rent-sg-highway/,/localities/sg-highway/,301,Removed listing → locality guide,"1,611 sq.ft Office · Mondeal Heights, SG Highway"
/property/mondeal-heights-office-rent-sg-highway/,/localities/sg-highway/,301,Removed listing → locality guide,"3,203 sq.ft Office · Mondeal Heights, SG Highway"
/property/navratna-corporate-park-10000-office-rent-ambli/,/localities/ambli/,301,Removed listing → locality guide,"10,000 sq.ft Office · Navratna Corporate Park, Ambli"
/property/navratna-corporate-park-660-office-sale-ambli/,/localities/ambli/,301,Removed listing → locality guide,"660 sq.ft Office for Sale · Navratna Corporate Park, Ambli"
/property/navratna-corporate-park-7800-office-ambli/,/localities/ambli/,301,Removed listing → locality guide,"7,800 sq.ft Office · Navratna Corporate Park, Ambli"
/property/navratna-corporate-park-office-ambli/,/localities/ambli/,301,Removed listing → locality guide,"4,450 sq.ft carpet Office · Navratna Corporate Park, Ambli"
/property/neptun-house-office-rent-bodakdev/,/localities/bodakdev/,301,Removed listing → locality guide,"12,860 sq.ft Office · Neptun House, Bodakdev"
/property/nisarg-bungalow-bungalow-373-sale-thaltej/,/localities/thaltej/,301,Removed listing → locality guide,"4 BHK 373 sq.yd Bungalow for Sale · Nisarg Bungalow, Thaltej"
/property/nobles-trade-centre-office-rent-ghatlodia/,/localities/ghatlodia/,301,Removed listing → locality guide,"1,075 sq.ft super built up Office · Nobles Trade Centre, Ghatlodia"
/property/oeuvre-2-apartment-4729-sale-bodakdev/,/localities/bodakdev/,301,Removed listing → locality guide,"4 BHK 4,729 sq.ft Flat for Sale · Oeuvre-2, Bodakdev"
/property/officein-nehrunagar-office-rent-ambawadi/,/localities/ambawadi/,301,Removed listing → locality guide,"9,430 sq.ft Office · Officein Nehrunagar, Ambawadi"
/property/olive-greens-apartment-3400-sale-gota/,/localities/gota/,301,Removed listing → locality guide,"4 BHK 3,400 sq.ft Flat for Sale · Olive greens, Gota"
/property/one-world-metro-showroom-thaltej/,/localities/thaltej/,301,Removed listing → locality guide,"4,200 sq.ft Showroom · One World Metro, Thaltej"
/property/one-world-west-705-office-rent-ambli/,/localities/ambli/,301,Removed listing → locality guide,"705 sq.ft Office · One World West, Ambli"
/property/one-world-west-office-rent-ambli/,/localities/ambli/,301,Removed listing → locality guide,"4,010 sq.ft Office · One World West, Ambli"
/property/one-world-west-office-sale-ambli/,/localities/ambli/,301,Removed listing → locality guide,"4,010 sq.ft Office for Sale · One World West, Ambli"
/property/one-world-west-showroom-1919-sale-bopal/,/localities/bopal/,301,Removed listing → locality guide,"1,919 sq.ft Showroom for Sale · One World West, Bopal"
/property/option-5-sheth-corporate-park-office-rent-ellis-bridge/,/localities/ellisbridge/,301,Removed listing → locality guide,"3,000 sq.ft Office · Option 5, Sheth Corporate Park, Ellis Bridge"
/property/orchid-divine-apartment-1400-rent-south-bopal/,/localities/south-bopal/,301,Removed listing → locality guide,"3 BHK 1,400 sq.ft Flat for Rent · Orchid Divine, South Bopal"
/property/orchid-divine-apartment-1425-rent-south-bopal/,/localities/south-bopal/,301,Removed listing → locality guide,"3 BHK 1,425 sq.ft Flat for Rent · Orchid Divine, South Bopal"
/property/paarijat-eclat-apartment-3970-sale-bopal/,/localities/bopal/,301,Removed listing → locality guide,"4 BHK 3,970 sq.ft Flat for Sale · Paarijat eclat, Bopal"
/property/palladium-1502-office-rent-prahladnagar/,/localities/prahlad-nagar/,301,Removed listing → locality guide,"1,502 sq.ft super built up Office · Palladium, Prahlad Nagar"
/property/palladium-office-sale-prahladnagar/,/localities/prahlad-nagar/,301,Removed listing → locality guide,"629 sq.ft Office for Sale · Palladium, Prahlad Nagar"
/property/parijat-eclet-4bhk-rent-sg-highway/,/localities/sg-highway/,301,Removed listing → locality guide,"4 BHK 3,980 sq.ft Flat · Parijat Eclet, SG Highway"
/property/pinnacle-business-park-office-rent-prahladnagar/,/localities/prahlad-nagar/,301,Removed listing → locality guide,"1,225 sq.ft Office · Pinnacle Business Park, Prahlad Nagar"
/property/platinum-plaza-2942-office-sale-bodakdev/,/localities/bodakdev/,301,Removed listing → locality guide,"2,942 sq.ft Office for Sale · Platinum Plaza, Bodakdev"
/property/platinum-plaza-804-office-sale-bodakdev/,/localities/bodakdev/,301,Removed listing → locality guide,"804 sq.ft Office for Sale · Platinum Plaza, Bodakdev"
/property/pleasure-club-plot-shilaj/,/localities/shilaj/,301,Removed listing → locality guide,"654 sq.yd Plot for Sale · Pleasure Club, Shilaj"
/property/prahladnagar-showroom-rent/,/localities/prahlad-nagar/,301,Removed listing → locality guide,"3,000 sq.ft Showroom · Prahlad Nagar, Prahlad Nagar"
/property/prakash-society-bungalow-vastrapur/,/localities/vastrapur/,301,Removed listing → locality guide,"468 sq.yd Bungalow for Sale · Prakash Society, Vastrapur"
/property/prakruti-plot-1029-rancharda/,/localities/rancharda/,301,Removed listing → locality guide,"1,029 sq.yd Plot for Sale · Prakruti, Rancharda"
/property/prakruti-plot-1146-rancharda/,/localities/rancharda/,301,Removed listing → locality guide,"1,146 sq.yd Plot for Sale · Prakruti, Rancharda"
/property/prakruti-plot-613-rancharda/,/localities/rancharda/,301,Removed listing → locality guide,"613 sq.yd Plot for Sale · Prakruti, Rancharda"
/property/prathna-upvan-plot-guma/,/localities/guma/,301,Removed listing → locality guide,"3,000 sq.yd Plot for Sale · Prathna Upvan, Guma"
/property/pre-leased-bank-branch-showroom-1380-lease-odhav/,/localities/odhav/,301,Removed listing → locality guide,"Pre-leased Showroom · Odhav, Ahmedabad"
/property/pre-leased-bank-branch-showroom-1650-lease-vastrapur/,/localities/vastrapur/,301,Removed listing → locality guide,"Pre-leased Showroom · Vastrapur, Ahmedabad"
/property/pre-leased-bank-branch-showroom-1747-lease-vastrapur/,/localities/vastrapur/,301,Removed listing → locality guide,"Pre-leased Showroom · Vastrapur, Ahmedabad"
/property/pre-leased-bank-branch-showroom-2392-lease-naranpura/,/localities/naranpura/,301,Removed listing → locality guide,"Pre-leased Showroom · Naranpura, Ahmedabad"
/property/pre-leased-retail-showroom-showroom-1489-lease-navrangpura/,/localities/navrangpura/,301,Removed listing → locality guide,"Pre-leased Showroom · Navrangpura, Ahmedabad"
/property/pre-leased-retail-showroom-showroom-1500-lease-navrangpura/,/localities/navrangpura/,301,Removed listing → locality guide,"Pre-leased Showroom · Navrangpura, Ahmedabad"
/property/pre-leased-retail-showroom-showroom-1768-lease-naranpura/,/localities/naranpura/,301,Removed listing → locality guide,"Pre-leased Showroom · Naranpura, Ahmedabad"
/property/pre-leased-retail-showroom-showroom-3641-lease-satellite/,/localities/satellite/,301,Removed listing → locality guide,"Pre-leased Showroom · Satellite, Ahmedabad"
/property/president-plaza-office-rent-sg-highway/,/localities/sg-highway/,301,Removed listing → locality guide,"10,200 sq.ft Office · President Plaza, SG Highway"
/property/privilon-1170-office-rent-sg-highway/,/localities/sg-highway/,301,Removed listing → locality guide,"1,170 sq.ft Office · Privilon, SG Highway"
/property/privilon-1717-office-rent-sg-highway/,/localities/sg-highway/,301,Removed listing → locality guide,"1,717 sq.ft Office · Privilon, SG Highway"
/property/privilon-office-rent-sg-highway/,/localities/sg-highway/,301,Removed listing → locality guide,"10,000 sq.ft Office · Privilon, SG Highway"
/property/privilon-office-sale-sg-highway/,/localities/sg-highway/,301,Removed listing → locality guide,"10,000 sq.ft Office for Sale · Privilon, SG Highway"
/property/pushpraj-tower-4bhk-bodakdev/,/localities/bodakdev/,301,Removed listing → locality guide,"4 BHK 2,700 sq.ft Flat for Sale · Pushpraj Tower, Bodakdev"
/property/pushti-height-office-rent-gurukul/,/localities/gurukul/,301,Removed listing → locality guide,"1,136 sq.ft Office · Pushti Height, Gurukul"
/property/puspraj-tower-apartment-1800-sale-bodakdev/,/localities/bodakdev/,301,Removed listing → locality guide,"3 BHK 1,800 sq.ft Flat for Sale · Puspraj tower, Bodakdev"
/property/pv-enclave-2756-office-sale-bodakdev/,/localities/bodakdev/,301,Removed listing → locality guide,"2,756 sq.ft Office for Sale · PV Enclave, Bodakdev"
/property/pv-enclave-office-rent-bodakdev/,/localities/bodakdev/,301,Removed listing → locality guide,"11,236 sq.ft Office · PV Enclave, Bodakdev"
/property/pv-enclave-office-sale-bodakdev/,/localities/bodakdev/,301,Removed listing → locality guide,"11,236 sq.ft Office for Sale · PV Enclave, Bodakdev"
/property/rajyash-uniza-5300-office-rent-satellite/,/localities/satellite/,301,Removed listing → locality guide,"5,300 sq.ft super built up Office · Rajyash Uniza, Satellite"
/property/rajyash-uniza-office-rent-satellite/,/localities/satellite/,301,Removed listing → locality guide,"4,765 sq.ft Office · Rajyash Uniza, Satellite"
/property/rajyesh-regus-penthouse-rent-bopal/,/localities/bopal/,301,Removed listing → locality guide,"5 BHK 5,600 sq.ft Penthouse · Rajyesh Regus, Bopal"
/property/rangoli-road-showroom-thaltej/,/localities/thaltej/,301,Removed listing → locality guide,"5,000 sq.ft Showroom · Rajpath Rangoli Road, Thaltej"
/property/ratna-business-square-office-sale-ashram-road/,/localities/ashram-road/,301,Removed listing → locality guide,"3,033 sq.ft super built up Office for Sale · Ratna Business Square, Ashram Road"
/property/ratnakar-9-square-1273-office-rent-vastrapur/,/localities/vastrapur/,301,Removed listing → locality guide,"1,273 sq.ft Office · Ratnakar Nine Square, Vastrapur"
/property/ratnakar-bluemond-apartment-10000-sale-satellite/,/localities/satellite/,301,Removed listing → locality guide,"4 BHK 10,000 sq.ft Flat for Sale · Ratnakar Bluemond, Satellite"
/property/ratnakar-nine-square-1283-office-rent-vastrapur/,/localities/vastrapur/,301,Removed listing → locality guide,"1,283 sq.ft Office · Ratnakar Nine Square, Vastrapur"
/property/ratnakar-nine-square-1556-office-rent-vastrapur/,/localities/vastrapur/,301,Removed listing → locality guide,"1,556 sq.ft Office · Ratnakar Nine Square, Vastrapur"
/property/ratnakar-nine-square-722-office-rent-vastrapur/,/localities/vastrapur/,301,Removed listing → locality guide,"722 sq.ft Office · Ratnakar Nine Square, Vastrapur"
/property/ratnakar-nine-square-724-office-rent-vastrapur/,/localities/vastrapur/,301,Removed listing → locality guide,"724 sq.ft Office · Ratnakar Nine Square, Vastrapur"
/property/ratnakar-nine-square-724-office-sale-vastrapur/,/localities/vastrapur/,301,Removed listing → locality guide,"724 sq.ft Office for Sale · Ratnakar Nine Square, Vastrapur"
/property/ratnakar-nine-square-office-rent-vastrapur/,/localities/vastrapur/,301,Removed listing → locality guide,"1,080 sq.ft Office · Ratnakar Nine Square, Vastrapur"
/property/ratnanjali-square-office-rent-jodhpur/,/localities/jodhpur/,301,Removed listing → locality guide,"1,623 sq.ft Office · Ratnanjali Square, Jodhpur"
/property/ratnanjali-square-showroom-satellite/,/localities/satellite/,301,Removed listing → locality guide,"2,700 sq.ft Showroom for Sale · Ratnanjali Square, Satellite"
/property/ratnaraj-springs-2331-office-rent-navrangpura/,/localities/navrangpura/,301,Removed listing → locality guide,"2,331 sq.ft Office · Ratnaraj Springs, Navrangpura"
/property/ratnaraj-springs-2600-office-rent-navrangpura/,/localities/navrangpura/,301,Removed listing → locality guide,"2,600 sq.ft Office · Ratnaraj Springs, Navrangpura"
/property/regency-plaza-office-rent-anand-nagar/,/localities/anandnagar/,301,Removed listing → locality guide,"2,045 sq.ft Office · Regency Plaza, Anand Nagar"
/property/revera-20-bungalow-prahladnagar/,/localities/prahlad-nagar/,301,Removed listing → locality guide,"4 BHK 484 sq.yd Bungalow for Sale · Revera 20, Prahlad Nagar"
/property/rivera-blues-apartment-2780-sale-prahlad-nagar/,/localities/prahlad-nagar/,301,Removed listing → locality guide,"4 BHK 2,780 sq.ft Flat for Sale · Rivera Blues, Prahladnagar"
/property/riviera-aspire-apartment-2740-sale-shela/,/localities/shela/,301,Removed listing → locality guide,"3 BHK 2,740 sq.ft Flat for Sale · Riviera Aspire, Shela"
/property/rosewood-etate-apartment-2250-sale-satellite/,/localities/satellite/,301,Removed listing → locality guide,"3 BHK 2,250 sq.ft Flat for Sale · Rosewood Etate, Satellite"
/property/safal-vihan-bungalow-bungalow-1962-sale-gokuldham/,/localities/gokuldham/,301,Removed listing → locality guide,"1,962 sq.yd Bungalow for Sale · SAFAL VIHAN Bungalow, Gokuldham"
/property/sakar-two-office-rent-ellis-bridge/,/localities/ellisbridge/,301,Removed listing → locality guide,"11,000 sq.ft super built up Office · Sakar Two, Ellis Bridge"
/property/salister-11000-office-rent-bodakdev/,/localities/bodakdev/,301,Removed listing → locality guide,"11,000 sq.ft super built up Office · Salister, Bodakdev"
/property/salister-4500-office-rent-bodakdev/,/localities/bodakdev/,301,Removed listing → locality guide,"4,500 sq.ft Office · Salister, Bodakdev"
/property/salister-showroom-bodakdev/,/localities/bodakdev/,301,Removed listing → locality guide,"3,550 sq.ft Showroom · Salister, Bodakdev"
/property/sankalp-3b-office-sale-bodakdev/,/localities/bodakdev/,301,Removed listing → locality guide,"1,673 sq.ft Office for Sale · Sankalp 3B, Bodakdev"
/property/sankalp-grace-3-4bhk-thaltej/,/localities/thaltej/,301,Removed listing → locality guide,"4 BHK 5,100 sq.ft Flat for Sale · Sankalp Grace 3, Thaltej"
/property/sankalp-grace-3-apartment-3920-sale-thaltej/,/localities/thaltej/,301,Removed listing → locality guide,"4 BHK 3,920 sq.ft Flat for Sale · Sankalp Grace 3, Thaltej"
/property/sankalp-grace-3-flat-thaltej/,/localities/thaltej/,301,Removed listing → locality guide,"7,900 sq.ft Flat for Sale · Sankalp Grace 3, Thaltej"
/property/sankalp-iconic-tower-office-rent-ambli/,/localities/ambli/,301,Removed listing → locality guide,"1,296 sq.ft Office · Sankalp Iconic Tower, Ambli"
/property/sankalp-iconic-tower-office-sale-ambli/,/localities/ambli/,301,Removed listing → locality guide,"1,296 sq.ft Office for Sale · Sankalp Iconic Tower, Ambli"
/property/sankalp-race-3-apartment-4920-sale-hebatpur/,/localities/hebatpur/,301,Removed listing → locality guide,"4 BHK 4,920 sq.ft Flat for Sale · Sankalp Race 3, Hebatpur"
/property/sankalp-square-3-office-bodakdev/,/localities/bodakdev/,301,Removed listing → locality guide,"12,800 sq.ft Office for Sale · Sankalp Square 3, Bodakdev"
/property/sankalp-square-3a-2529-office-rent-bodakdev/,/localities/bodakdev/,301,Removed listing → locality guide,"2,529 sq.ft Office · Sankalp Square 3A, Bodakdev"
/property/sankalp-square-3a-2529-office-sale-bodakdev/,/localities/bodakdev/,301,Removed listing → locality guide,"2,529 sq.ft Office for Sale · Sankalp Square 3A, Bodakdev"
/property/sankalp-square-3a-office-rent-bodakdev/,/localities/bodakdev/,301,Removed listing → locality guide,"4,907 sq.ft Office · Sankalp Square 3A, Bodakdev"
/property/sankalp-square-3a-office-sale-bodakdev/,/localities/bodakdev/,301,Removed listing → locality guide,"4,907 sq.ft super built up Office for Sale · Sankalp Square 3A, Bodakdev"
/property/sankalp-square-3b-6250-office-rent-bodakdev/,/localities/bodakdev/,301,Removed listing → locality guide,"6,250 sq.ft Office · Sankalp Square 3B, Bodakdev"
/property/sankalp-square-3b-982-office-rent-bodakdev/,/localities/bodakdev/,301,Removed listing → locality guide,"982 sq.ft Office · Sankalp Square 3B, Bodakdev"
/property/sankalp-square-drive-in-1326-office-rent-memnagar/,/localities/memnagar/,301,Removed listing → locality guide,"1,326 sq.ft Office · Sankalp Square (Drive In Road), Memnagar"
/property/sankalp-square-drive-in-1326-office-sale-memnagar/,/localities/memnagar/,301,Removed listing → locality guide,"1,326 sq.ft Office for Sale · Sankalp Square (Drive In Road), Memnagar"
/property/sankalp-square-drive-in-4200-office-rent-memnagar/,/localities/memnagar/,301,Removed listing → locality guide,"4,200 sq.ft Office · Sankalp Square (Drive In Road), Memnagar"
/property/sankalp-square-drive-in-4200-office-sale-memnagar/,/localities/memnagar/,301,Removed listing → locality guide,"4,200 sq.ft Office for Sale · Sankalp Square (Drive In Road), Memnagar"
/property/sankalp-square-office-2300-sale-memnagar/,/localities/memnagar/,301,Removed listing → locality guide,"2,300 sq.ft Office for Sale · Sankalp Square, Memnagar"
/property/sankalp-square-office-2400-sale-memnagar/,/localities/memnagar/,301,Removed listing → locality guide,"2,400 sq.ft Office for Sale · Sankalp Square, Memnagar"
/property/sankalp-square-office-3200-sale-memnagar/,/localities/memnagar/,301,Removed listing → locality guide,"3,200 sq.ft Office for Sale · Sankalp Square, Memnagar"
/property/sankalp-square-office-3600-sale-memnagar/,/localities/memnagar/,301,Removed listing → locality guide,"3,600 sq.ft Office for Sale · Sankalp Square, Memnagar"
/property/sankalp-square-office-5500-sale-memnagar/,/localities/memnagar/,301,Removed listing → locality guide,"5,500 sq.ft Office for Sale · Sankalp Square, Memnagar"
/property/sankalp-square-office-6000-sale-memnagar/,/localities/memnagar/,301,Removed listing → locality guide,"6,000 sq.ft Office for Sale · Sankalp Square, Memnagar"
/property/santoor-farm-plot-rancharda/,/localities/rancharda/,301,Removed listing → locality guide,"3,619 sq.yd Plot for Sale · Santoor Farm, Rancharda"
/property/sapath-4-office-rent-sg-highway/,/localities/sg-highway/,301,Removed listing → locality guide,"3,540 sq.ft super built up Office · Sapath 4, SG Highway"
/property/sapath-4-office-sale-sg-highway/,/localities/sg-highway/,301,Removed listing → locality guide,"3,540 sq.ft super built up Office for Sale · Sapath 4, SG Highway"
/property/sarthi-duplex-bungalow-235-rent-satellite/,/localities/satellite/,301,Removed listing → locality guide,"4 BHK 235 sq.yd Bungalow for Rent · Sarthi duplex, Satellite"
/property/sarthi-duplex-bungalow-235-sale-satellite/,/localities/satellite/,301,Removed listing → locality guide,"4 BHK 235 sq.yd Bungalow for Sale · Sarthi duplex, Satellite"
/property/satellite-flat-apartment-2800-sale-satellite/,/localities/satellite/,301,Removed listing → locality guide,"4 BHK 2,800 sq.ft Flat for Sale · Satellite Flat, Satellite"
/property/sathyam-bungalow-bungalow-250-sale-vastrapur/,/localities/vastrapur/,301,Removed listing → locality guide,"4 BHK 250 sq.yd Bungalow for Sale · Sathyam Bungalow, Vastrapur"
/property/satya-one-2000-office-rent-memnagar/,/localities/memnagar/,301,Removed listing → locality guide,"2,000 sq.ft Office · Satya One, Memnagar"
/property/satya-one-office-rent-memnagar/,/localities/memnagar/,301,Removed listing → locality guide,"7,144 sq.ft super built up Office · Satya One, Memnagar"
/property/satyam-crystal-bunglows-bungalow-200-rent-thaltej/,/localities/thaltej/,301,Removed listing → locality guide,"3 BHK 200 sq.yd Bungalow for Rent · Satyam Crystal Bunglows, Thaltej"
/property/satyam-skyline-2-apartment-1912-sale-naranpura/,/localities/naranpura/,301,Removed listing → locality guide,"3 BHK 1,912 sq.ft Flat for Sale · Satyam skyline 2, Naranpura"
/property/satyamev-laxor-apartment-4230-sale-bopal/,/localities/bopal/,301,Removed listing → locality guide,"4 BHK 4,230 sq.ft Flat for Sale · Satyamev Laxor, Bopal"
/property/sentossa-greenland-bungalow-700-rent-bhadaj/,/localities/bhadaj/,301,Removed listing → locality guide,"3 BHK 700 sq.yd Bungalow for Rent · Sentossa Greenland, Bhadaj"
/property/setu-bungalow-bungalow-310-sale-prahlad-nagar/,/localities/prahlad-nagar/,301,Removed listing → locality guide,"4 BHK 310 sq.yd Bungalow for Sale · Setu Bungalow, Prahladnagar"
/property/shails-mall-office-rent-navrangpura/,/localities/navrangpura/,301,Removed listing → locality guide,"1,313 sq.ft Office · Shail's Mall, Navrangpura"
/property/shakti-140-apartment-189-sale-thaltej/,/localities/thaltej/,301,Removed listing → locality guide,"3 BHK 189 sq.yd Flat for Sale · Shakti 140, Thaltej"
/property/shaligram-4bhk-satellite/,/localities/satellite/,301,Removed listing → locality guide,"4 BHK 2,300 sq.ft carpet Flat for Sale · Shaligram, Satellite"
/property/shaligram-arcade-office-rent-bopal/,/localities/bopal/,301,Removed listing → locality guide,"4,742 sq.ft Office · Shaligram Arcade, Bopal"
/property/shaligram-arcade-office-sale-bopal/,/localities/bopal/,301,Removed listing → locality guide,"4,742 sq.ft Office for Sale · Shaligram Arcade, Bopal"
/property/shaligram-sky-apartment-4787-sale-satellite/,/localities/satellite/,301,Removed listing → locality guide,"4 BHK 4,787 sq.ft Flat for Sale · Shaligram Sky, Satellite"
/property/shalin-bungalow-bungalow-250-sale-thaltej/,/localities/thaltej/,301,Removed listing → locality guide,"4 BHK 250 sq.yd Bungalow for Sale · Shalin Bungalow, Thaltej"
/property/shangri-la-apartment-5925-sale-satellite/,/localities/satellite/,301,Removed listing → locality guide,"4 BHK 5,925 sq.ft Flat for Sale · Shangri-La, Satellite"
/property/shangrila-bungalow-thaltej/,/localities/thaltej/,301,Removed listing → locality guide,"3 BHK 310 sq.yd Bungalow for Sale · Shangrila Bungalow Part 1, Thaltej"
/property/shapath-5-1380-office-rent-sg-highway/,/localities/sg-highway/,301,Removed listing → locality guide,"1,380 sq.ft Office · Shapath 5, SG Highway"
/property/shapath-5-2200-office-rent-sg-highway/,/localities/sg-highway/,301,Removed listing → locality guide,"2,200 sq.ft super built up Office · Shapath 5, SG Highway"
/property/sharanya-skyview-apartment-3400-sale-thaltej/,/localities/thaltej/,301,Removed listing → locality guide,"4 BHK 3,400 sq.ft Flat for Sale · Sharanya skyview, Thaltej"
/property/sheetal-aqua-4bhk-shahibag/,/localities/shahibaug/,301,Removed listing → locality guide,"4 BHK 4,122 sq.ft Flat for Sale · Sheetal Aqua, Shahibag"
/property/sheetal-enigma-4bhk-thaltej/,/localities/thaltej/,301,Removed listing → locality guide,"4 BHK 2,890 sq.ft Flat for Sale · Sheetal Enigma, Thaltej"
/property/sheetal-west-park-4bhk-vastrapur/,/localities/vastrapur/,301,Removed listing → locality guide,"4 BHK 2,475 sq.ft super built up Flat for Sale · Sheetal West Park, Vastrapur"
/property/sheetal-westpark-apartment-2450-rent-vastrapur/,/localities/vastrapur/,301,Removed listing → locality guide,"4 BHK 2,450 sq.ft Flat for Rent · Sheetal Westpark, Vastrapur"
/property/sheth-corporate-park-9500-office-rent-ellis-bridge/,/localities/ellisbridge/,301,Removed listing → locality guide,"9,500 sq.ft Office · Sheth Corporate Park, Ellis Bridge"
/property/sheth-corporate-park-9500-office-sale-ellis-bridge/,/localities/ellisbridge/,301,Removed listing → locality guide,"9,500 sq.ft Office for Sale · Sheth Corporate Park, Ellis Bridge"
/property/sheth-corporate-tower-office-rent-ellis-bridge/,/localities/ellisbridge/,301,Removed listing → locality guide,"2,222 sq.ft super built up Office · Sheth Corporate Tower, Ellis Bridge"
/property/shilp-business-gateway-4268-office-rent-charodi/,/localities/charodi/,301,Removed listing → locality guide,"4,268 sq.ft Office · Shilp Business Gateway, Charodi"
/property/shilp-business-gateway-4268-office-sale-charodi/,/localities/charodi/,301,Removed listing → locality guide,"4,268 sq.ft Office for Sale · Shilp Business Gateway, Charodi"
/property/shilp-business-gateway-5085-office-sale-charodi/,/localities/charodi/,301,Removed listing → locality guide,"5,085 sq.ft super built up Office for Sale · Shilp Business Gateway, Charodi"
/property/shilp-corporate-park-office-rent-bodakdev/,/localities/bodakdev/,301,Removed listing → locality guide,"2,345 sq.ft Office · Shilp Corporate Park, Bodakdev"
/property/shilp-epitome-office-rent-bodakdev/,/localities/bodakdev/,301,Removed listing → locality guide,"822 sq.ft Office · Shilp Epitome, Bodakdev"
/property/shilp-the-address-office-2800-rent-shilaj/,/localities/shilaj/,301,Removed listing → locality guide,"2,800 sq.ft Office for Rent · Shilp The Address, Shilaj"
/property/shilp-the-address-office-2800-sale-shilaj/,/localities/shilaj/,301,Removed listing → locality guide,"2,800 sq.ft Office for Sale · Shilp The Address, Shilaj"
/property/shilp-the-address-office-3500-rent-shilaj/,/localities/shilaj/,301,Removed listing → locality guide,"3,500 sq.ft Office for Rent · Shilp The Address, Shilaj"
/property/shilp-the-address-office-3500-sale-shilaj/,/localities/shilaj/,301,Removed listing → locality guide,"3,500 sq.ft Office for Sale · Shilp The Address, Shilaj"
/property/shilp-the-address-office-6300-rent-shilaj/,/localities/shilaj/,301,Removed listing → locality guide,"6,300 sq.ft Office for Rent · Shilp The Address, Shilaj"
/property/shilp-the-address-office-6300-sale-shilaj/,/localities/shilaj/,301,Removed listing → locality guide,"6,300 sq.ft Office for Sale · Shilp The Address, Shilaj"
/property/shilp-zaveri-office-rent-shyamal/,/localities/shyamal/,301,Removed listing → locality guide,"954 sq.ft Office · Shilp Zaveri, Shyamal"
/property/shilpgram-1-plot-1200-sale-jaspur/,/localities/jaspur/,301,Removed listing → locality guide,"1,200 sq.yd Plot for Sale · Shilpgram-1, Jaspur"
/property/shilpgram-1-plot-vaishnodevi/,/localities/vaishnodevi-circle/,301,Removed listing → locality guide,"1,525 sq.yd Plot for Sale · Shilpgram 1, Vaishnodevi"
/property/shilpgram-3-plot-534-sale-lapkaman/,/localities/lapkaman/,301,Removed listing → locality guide,"534 sq.yd Plot for Sale · Shilpgram-3, Lapkaman"
/property/shital-westpark-imperia-10000-office-rent-vastrapur/,/localities/vastrapur/,301,Removed listing → locality guide,"10,000 sq.ft Office · Shital Westpark Imperia, Vastrapur"
/property/shital-westpark-imperia-20000-office-rent-vastrapur/,/localities/vastrapur/,301,Removed listing → locality guide,"20,000 sq.ft super built up Office · Shital Westpark Imperia, Vastrapur"
/property/shivalik-10-4815-office-rent-ambawadi/,/localities/ambawadi/,301,Removed listing → locality guide,"4,815 sq.ft super built up Office · Shivalik 10, Ambawadi"
/property/shivalik-10-office-satellite/,/localities/satellite/,301,Removed listing → locality guide,"5,250 sq.ft Office · Shivalik 10, Satellite"
/property/shivalik-3-16650-office-rent-memnagar/,/localities/memnagar/,301,Removed listing → locality guide,"16,650 sq.ft Office · Shivalik 3, Memnagar"
/property/shivalik-3-8350-office-rent-memnagar/,/localities/memnagar/,301,Removed listing → locality guide,"8,350 sq.ft Office · Shivalik 3, Memnagar"
/property/shivalik-arcade-office-rent-prahladnagar/,/localities/prahlad-nagar/,301,Removed listing → locality guide,"2,667 sq.ft Office · Shivalik Arcade, Prahlad Nagar"
/property/shivalik-business-park-office-sale-bodakdev/,/localities/bodakdev/,301,Removed listing → locality guide,"1,265 sq.ft Office for Sale · Shivalik Business Park, Bodakdev"
/property/shivalik-edge-apartment-4300-rent-bopal/,/localities/bopal/,301,Removed listing → locality guide,"4 BHK 4,300 sq.ft Flat for Rent · Shivalik edge, Bopal"
/property/shivalik-satymev-showroom-1800-sale-bopal/,/localities/bopal/,301,Removed listing → locality guide,"1,800 sq.ft Showroom for Sale · Shivalik Satymev, Bopal"
/property/shivalik-shilp-1100-office-rent-sg-highway/,/localities/sg-highway/,301,Removed listing → locality guide,"1,100 sq.ft Office · Shivalik Shilp, SG Highway"
/property/shivalik-shilp-2-1280-office-rent-vastrapur/,/localities/vastrapur/,301,Removed listing → locality guide,"1,280 sq.ft Office · Shivalik Shilp 2, Vastrapur"
/property/shivalik-shilp-2-1380-office-rent-vastrapur/,/localities/vastrapur/,301,Removed listing → locality guide,"1,380 sq.ft Office · Shivalik Shilp 2, Vastrapur"
/property/shivalik-shilp-2-758-office-rent-vastrapur/,/localities/vastrapur/,301,Removed listing → locality guide,"758 sq.ft Office · Shivalik Shilp 2, Vastrapur"
/property/shivalik-shilp-2-office-sale-vastrapur/,/localities/vastrapur/,301,Removed listing → locality guide,"2,678 sq.ft super built up Office for Sale · Shivalik Shilp 2, Vastrapur"
/property/shivalik-shilp-office-rent-sg-highway/,/localities/sg-highway/,301,Removed listing → locality guide,"574 sq.ft Office · Shivalik Shilp, SG Highway"
/property/shivalik-shilp-office-sale-sg-highway/,/localities/sg-highway/,301,Removed listing → locality guide,"574 sq.ft Office for Sale · Shivalik Shilp, SG Highway"
/property/shivalik-shilp-showroom-2300-sale-sg-highway/,/localities/sg-highway/,301,Removed listing → locality guide,"2,300 sq.ft Showroom for Sale · Shivalik Shilp, SG Highway"
/property/shivam-trade-centre-office-rent-ambli/,/localities/ambli/,301,Removed listing → locality guide,"824 sq.ft Office · Shivam Trade Centre, Ambli"
/property/shivanta-by-indraprastha-group-apartment-3170-sale-bopal/,/localities/bopal/,301,Removed listing → locality guide,"4 BHK 3,170 sq.ft Flat for Sale · Shivanta by Indraprastha Group, Bopal"
/property/shoppers-plaza-4-office-rent-navrangpura/,/localities/navrangpura/,301,Removed listing → locality guide,"6,000 sq.ft Office · Shoppers Plaza 4, Navrangpura"
/property/shreeya-amalga-showroom-thaltej/,/localities/thaltej/,301,Removed listing → locality guide,"Showroom · Shreeya Amalga, Thaltej"
/property/shreya-amalga-1720-office-rent-thaltej/,/localities/thaltej/,301,Removed listing → locality guide,"1,720 sq.ft Office · Shreeya Amalga, Thaltej"
/property/shreya-amalga-1720-office-sale-thaltej/,/localities/thaltej/,301,Removed listing → locality guide,"1,720 sq.ft Office for Sale · Shreeya Amalga, Thaltej"
/property/shreya-amalga-showroom-2300-sale-sindhu-bhavan-road/,/localities/sindhu-bhavan-road/,301,Removed listing → locality guide,"2,300 sq.ft Showroom for Sale · Shreya Amalga, Sindhu Bhavan Road"
/property/shridhar-athens-10000-office-sale-satellite/,/localities/satellite/,301,Removed listing → locality guide,"10,000 sq.ft Office for Sale · Shridhar Athens, Satellite"
/property/shridhar-athens-4000-office-sale-satellite/,/localities/satellite/,301,Removed listing → locality guide,"4,000 sq.ft Office for Sale · Shridhar Athens, Satellite"
/property/shridhar-athens-6000-office-sale-satellite/,/localities/satellite/,301,Removed listing → locality guide,"6,000 sq.ft Office for Sale · Shridhar Athens, Satellite"
/property/shridhar-athens-showroom-science-city/,/localities/science-city/,301,Removed listing → locality guide,"Showroom · Shridhar Athens, Science City"
/property/shrinath-park-society-bungalow-580-sale-manekbag/,/localities/manekbag/,301,Removed listing → locality guide,"4 BHK 580 sq.yd Bungalow for Sale · shrinath park Society, Manekbag"
/property/shrushti-bungalows-bungalow-400-sale-shyamal/,/localities/shyamal/,301,Removed listing → locality guide,"4 BHK 400 sq.yd Bungalow for Sale · Shrushti Bungalows, Shyamal"
/property/shyam-tirth-apartment-vejalpur/,/localities/vejalpur/,301,Removed listing → locality guide,"1,900 sq.ft Flat for Sale · Shyam Tirth, Vejalpur"
/property/shyamal-iconic-showroom-3200-rent-satellite/,/localities/satellite/,301,Removed listing → locality guide,"3,200 sq.ft Showroom for Rent · Shyamal Iconic, Satellite"
/property/siban-apartment-865-sale-gift-city/,/localities/gift-city/,301,Removed listing → locality guide,"1 BHK 865 sq.ft Flat for Sale · Siban, GIFT City"
/property/siddhi-vinayak-office-rent-satellite/,/localities/satellite/,301,Removed listing → locality guide,"6,600 sq.ft Office · Siddhi Vinayak, Satellite"
/property/siddhivinayak-complex-showroom-satellite/,/localities/satellite/,301,Removed listing → locality guide,"800 sq.ft Showroom · Siddhivinayak Complex, Satellite"
/property/siesta-dwelling-penthouse-thaltej/,/localities/thaltej/,301,Removed listing → locality guide,"3 BHK 181 sq.yd Penthouse for Sale · Siesta Dwelling, Thaltej"
/property/sigma-icon-2-showroom-shyamal/,/localities/shyamal/,301,Removed listing → locality guide,"1,712 sq.ft Showroom for Sale · Sigma Icon 2, Shyamal"
/property/sigma-legacy-office-rent-ambawadi/,/localities/ambawadi/,301,Removed listing → locality guide,"2,000 sq.ft Office · Sigma Legacy, Ambawadi"
/property/silver-brook-2-apartment-1760-sale-shilaj/,/localities/shilaj/,301,Removed listing → locality guide,"3 BHK 1,760 sq.ft Flat for Sale · Silver Brook 2, Shilaj"
/property/sindhubhavan-road-showroom-bodakdev/,/localities/bodakdev/,301,Removed listing → locality guide,"Showroom for Sale · Sindhubhavan Road, Bodakdev"
/property/sky-deck-season-apartment-5900-sale-thaltej/,/localities/thaltej/,301,Removed listing → locality guide,"4 BHK 5,900 sq.ft Flat for Sale · Sky Deck Season, Thaltej"
/property/skyros-apartment-5151-sale-sindhu-bhavan-road/,/localities/sindhu-bhavan-road/,301,Removed listing → locality guide,"4 BHK 5,151 sq.ft Flat for Sale · Skyros, Sindhu Bhavan Road"
/property/solaris-business-hub-1800-office-rent-ghatlodia/,/localities/ghatlodia/,301,Removed listing → locality guide,"1,800 sq.ft Office · Solaris Business Hub, Ghatlodia"
/property/solaris-business-hub-1800-office-sale-ghatlodia/,/localities/ghatlodia/,301,Removed listing → locality guide,"1,800 sq.ft Office for Sale · Solaris Business Hub, Ghatlodia"
/property/solaris-business-hub-2000-office-rent-ghatlodia/,/localities/ghatlodia/,301,Removed listing → locality guide,"2,000 sq.ft Office · Solaris Business Hub, Ghatlodia"
/property/solaris-business-hub-2080-office-rent-ghatlodia/,/localities/ghatlodia/,301,Removed listing → locality guide,"2,080 sq.ft Office · Solaris Business Hub, Ghatlodia"
/property/solaris-business-hub-2080-office-sale-ghatlodia/,/localities/ghatlodia/,301,Removed listing → locality guide,"2,080 sq.ft Office for Sale · Solaris Business Hub, Ghatlodia"
/property/solaris-business-hub-3880-office-rent-ghatlodia/,/localities/ghatlodia/,301,Removed listing → locality guide,"3,880 sq.ft Office · Solaris Business Hub, Ghatlodia"
/property/solaris-business-hub-3880-office-sale-ghatlodia/,/localities/ghatlodia/,301,Removed listing → locality guide,"3,880 sq.ft Office for Sale · Solaris Business Hub, Ghatlodia"
/property/solaris-business-hub-office-rent-ghatlodia/,/localities/ghatlodia/,301,Removed listing → locality guide,"8,000 sq.ft Office · Solaris Business Hub, Ghatlodia"
/property/solitaire-corporate-park-office-rent-makarba/,/localities/makarba/,301,Removed listing → locality guide,"1,000 sq.ft Office · Solitaire Corporate Park, Makarba"
/property/solitaire-corporate-park-office-sale-makarba/,/localities/makarba/,301,Removed listing → locality guide,"1,037 sq.ft Office for Sale · Solitaire Corporate Park, Makarba"
/property/spectrum-office-rent-memnagar/,/localities/memnagar/,301,Removed listing → locality guide,"921 sq.ft Office · Spectrum, Memnagar"
/property/square-corporate-office-rent-science-city/,/localities/science-city/,301,Removed listing → locality guide,"2,475 sq.ft Office · Square Corporate, Science City"
/property/status-tower-apartment-3300-sale-thaltej/,/localities/thaltej/,301,Removed listing → locality guide,"4 BHK 3,300 sq.ft Flat for Sale · Status Tower, Thaltej"
/property/stellar-1456-office-rent-bodakdev/,/localities/bodakdev/,301,Removed listing → locality guide,"1,457 sq.ft Office · Stellar, Bodakdev"
/property/stellar-showroom-sindhu-bhavan-bodakdev/,/localities/bodakdev/,301,Removed listing → locality guide,"2,217 sq.ft Showroom for Sale · Stellar, Bodakdev"
/property/sun-avenue-one-office-rent-ambawadi/,/localities/ambawadi/,301,Removed listing → locality guide,"19,300 sq.ft Office · Sun Avenue One, Ambawadi"
/property/sun-village-plot-ghuma/,/localities/ghuma/,301,Removed listing → locality guide,"400 sq.yd Plot for Sale · Sun Village, Ghuma"
/property/sunrise-park-plot-vastrapur/,/localities/vastrapur/,301,Removed listing → locality guide,"600 sq.yd Plot for Sale · Sunrise Park, Vastrapur"
/property/suramya-2-plot-1230-sale-rancharda/,/localities/rancharda/,301,Removed listing → locality guide,"1,230 sq.yd Plot for Sale · Suramya - 2, Rancharda"
/property/surmount-tower-office-rent-satellite/,/localities/satellite/,301,Removed listing → locality guide,"2,425 sq.ft Office · Surmount Tower, Satellite"
/property/suryam-repose-farmhouse-agol/,/localities/agol/,301,Removed listing → locality guide,"1,400 sq.yd Farmhouse for Sale · Suryam Repose, Agol"
/property/swapnil-5-office-rent-navrangpura/,/localities/navrangpura/,301,Removed listing → locality guide,"3,645 sq.ft Office · Swapnil 5, Navrangpura"
/property/swati-18-1484-office-sale-thaltej/,/localities/thaltej/,301,Removed listing → locality guide,"1,484 sq.ft Office for Sale · Swati 18, Thaltej"
/property/swati-18-2778-office-sale-thaltej/,/localities/thaltej/,301,Removed listing → locality guide,"2,778 sq.ft Office for Sale · Swati 18, Thaltej"
/property/takshashila-elegna-apartment-1764-sale-ellisbridge/,/localities/ellisbridge/,301,Removed listing → locality guide,"3 BHK 1,764 sq.ft Flat for Sale · Takshashila elegna, Ellisbridge"
/property/the-beaumonde-apartment-5250-sale-thaltej/,/localities/thaltej/,301,Removed listing → locality guide,"4 BHK 5,250 sq.ft Flat for Sale · The Beaumonde, Thaltej"
/property/the-bellagio-apartment-6100-sale-ambli/,/localities/ambli/,301,Removed listing → locality guide,"4 BHK 6,100 sq.ft Flat for Sale · The Bellagio, Ambli"
/property/the-bliss-apartment-3200-sale-bopal/,/localities/bopal/,301,Removed listing → locality guide,"4 BHK 3,200 sq.ft Flat for Sale · The bliss, Bopal"
/property/the-bliss-apartment-4200-sale-bopal/,/localities/bopal/,301,Removed listing → locality guide,"4 BHK 4,200 sq.ft Flat for Sale · The bliss, Bopal"
/property/the-capital-office-rent-science-city/,/localities/science-city/,301,Removed listing → locality guide,"19,600 sq.ft Office · The Capital, Science City"
/property/the-first-1035-office-rent-vastrapur/,/localities/vastrapur/,301,Removed listing → locality guide,"1,035 sq.ft Office · The First, Vastrapur"
/property/the-first-1050-office-rent-vastrapur/,/localities/vastrapur/,301,Removed listing → locality guide,"1,050 sq.ft Office · The First, Vastrapur"
/property/the-first-1120-office-sale-vastrapur/,/localities/vastrapur/,301,Removed listing → locality guide,"1,120 sq.ft Office for Sale · The First, Vastrapur"
/property/the-first-1169-office-rent-vastrapur/,/localities/vastrapur/,301,Removed listing → locality guide,"1,169 sq.ft Office · The First, Vastrapur"
/property/the-first-2288-office-rent-vastrapur/,/localities/vastrapur/,301,Removed listing → locality guide,"2,288 sq.ft Office · The First, Vastrapur"
/property/the-first-8100-office-rent-vastrapur/,/localities/vastrapur/,301,Removed listing → locality guide,"8,100 sq.ft Office · The First, Vastrapur"
/property/the-first-office-sale-vastrapur/,/localities/vastrapur/,301,Removed listing → locality guide,"1,145 sq.ft Office for Sale · The First, Vastrapur"
/property/the-link-16000-office-rent-navrangpura/,/localities/navrangpura/,301,Removed listing → locality guide,"16,000 sq.ft Office · The Link, Navrangpura"
/property/the-link-8000-office-rent-navrangpura/,/localities/navrangpura/,301,Removed listing → locality guide,"8,000 sq.ft Office · The Link, Navrangpura"
/property/the-link-office-sale-navrangpura/,/localities/navrangpura/,301,Removed listing → locality guide,"1,435 sq.ft Office for Sale · The Link, Navrangpura"
/property/the-orion-office-rent-charodi/,/localities/charodi/,301,Removed listing → locality guide,"3,317 sq.ft Office · The Orion, Charodi"
/property/the-verity-showroom-satellite/,/localities/satellite/,301,Removed listing → locality guide,"1,300 sq.ft Showroom · The Verity, Satellite"
/property/times-104-4bhk-bodakdev/,/localities/bodakdev/,301,Removed listing → locality guide,"4 BHK 4,500 sq.ft Flat for Sale · Times 104, Bodakdev"
/property/times-104-apartment-6800-sale-bodakdev/,/localities/bodakdev/,301,Removed listing → locality guide,"4 BHK 6,800 sq.ft Flat for Sale · Times 104, Bodakdev"
/property/times-square-grand-2425-office-rent-bodakdev/,/localities/bodakdev/,301,Removed listing → locality guide,"2,425 sq.ft Office · Times Square Grand, Bodakdev"
/property/times-square-grand-showroom-sindhubhavan/,/localities/bodakdev/,301,Removed listing → locality guide,"6,865 sq.ft Showroom · Times Square Grand, Bodakdev"
/property/titanium-business-park-office-rent-makarba/,/localities/makarba/,301,Removed listing → locality guide,"2,260 sq.ft super built up Office · Titanium Business Park, Makarba"
/property/titanium-one-2524-office-rent-sg-highway/,/localities/sg-highway/,301,Removed listing → locality guide,"2,524 sq.ft Office · Titanium One, SG Highway"
/property/titanium-one-2524-office-sale-sg-highway/,/localities/sg-highway/,301,Removed listing → locality guide,"2,524 sq.ft Office for Sale · Titanium One, SG Highway"
/property/titanium-one-office-rent-sg-highway/,/localities/sg-highway/,301,Removed listing → locality guide,"2,242 sq.ft Office · Titanium One, SG Highway"
/property/titanium-square-928-office-rent-thaltej/,/localities/thaltej/,301,Removed listing → locality guide,"928 sq.ft Office · Titanium Square, Thaltej"
/property/trinity-complex-showroom-thaltej/,/localities/thaltej/,301,Removed listing → locality guide,"4,550 sq.ft Showroom · Trinity Complex, Thaltej"
/property/tulip-bungalow-2-surdhara/,/localities/surdhara/,301,Removed listing → locality guide,"237 sq.yd Bungalow for Sale · Tulip Bungalow 2, Surdhara"
/property/turquoise-office-rent-ambawadi/,/localities/ambawadi/,301,Removed listing → locality guide,"11,000 sq.ft Office · Turquoise, Ambawadi"
/property/unicus-shyamal-office-rent-shyamal/,/localities/shyamal/,301,Removed listing → locality guide,"900 sq.ft Office · Unicus Shyamal, Shyamal"
/property/venue-amedius-office-sale-jodhpur/,/localities/jodhpur/,301,Removed listing → locality guide,"1,107 sq.ft Office for Sale · Venue Amedius, Jodhpur"
/property/venus-atlantis-office-rent-prahladnagar/,/localities/prahlad-nagar/,301,Removed listing → locality guide,"25,800 sq.ft Office · Venus Atlantis, Prahlad Nagar"
/property/venus-stratum-office-sale-ambawadi/,/localities/ambawadi/,301,Removed listing → locality guide,"4,545 sq.ft Office for Sale · Venus Stratum, Ambawadi"
/property/verantes-22-apartment-5100-sale-thaltej/,/localities/thaltej/,301,Removed listing → locality guide,"4 BHK 5,100 sq.ft Flat for Sale · Verantes-22, Thaltej"
/property/viola-4bhk-ambli/,/localities/ambli/,301,Removed listing → locality guide,"4 BHK 5,250 sq.ft Flat for Sale · Viola, Ambli"
/property/vishal-residency-bungalow-1500-rent-prahlad-nagar/,/localities/prahlad-nagar/,301,Removed listing → locality guide,"2 BHK 1,500 sq.ft Flat for Rent · Vishal residency, Prahladnagar"
/property/visionnair-4bhk-bodakdev/,/localities/bodakdev/,301,Removed listing → locality guide,"4 BHK 3,280 sq.ft Flat for Sale · Visionnair, Bodakdev"
/property/vrundavan-7-bungalow-thaltej/,/localities/thaltej/,301,Removed listing → locality guide,"4 BHK 478 sq.yd Bungalow for Sale · Vrundavan 7, Thaltej"
/property/walkeshwar-society-bungalow-ambawadi/,/localities/ambawadi/,301,Removed listing → locality guide,"4 BHK 450 sq.yd Bungalow for Sale · Walkeshwar Society, Ambawadi"
/property/west-face-showroom-2050-sale-thaltej/,/localities/thaltej/,301,Removed listing → locality guide,"2,050 sq.ft Showroom for Sale · West Face, Thaltej"
/property/west-gate-office-rent-sg-highway/,/localities/sg-highway/,301,Removed listing → locality guide,"4,250 sq.ft Office · West Gate, SG Highway"
/property/west-port-showroom-3000-sale-sindhu-bhavan-road/,/localities/sindhu-bhavan-road/,301,Removed listing → locality guide,"3,000 sq.ft Showroom for Sale · West Port, Sindhu Bhavan Road"
/property/westface-office-sale-thaltej/,/localities/thaltej/,301,Removed listing → locality guide,"4,104 sq.ft Office for Sale · WestFace, Thaltej"
/property/westgate-1-office-rent-makarba/,/localities/makarba/,301,Removed listing → locality guide,"1,890 sq.ft Office · Westgate 1, Makarba"
/property/westgate-11640-office-rent-sg-highway/,/localities/sg-highway/,301,Removed listing → locality guide,"11,640 sq.ft super built up Office · Westgate, SG Highway"
/property/westgate-4500-office-rent-sg-highway/,/localities/sg-highway/,301,Removed listing → locality guide,"4,500 sq.ft Office · Westgate, SG Highway"
/property/westgate-business-bay-2980-office-sale-sarkhej/,/localities/sarkhej/,301,Removed listing → locality guide,"2,980 sq.ft Office for Sale · Westgate Business Bay, Sarkhej"
/property/westgate-business-bay-office-rent-makarba/,/localities/makarba/,301,Removed listing → locality guide,"12,500 sq.ft Office · Westgate Business Bay, Makarba"
/property/westgate-office-sale-sg-highway/,/localities/sg-highway/,301,Removed listing → locality guide,"1,635 sq.ft super built up Office for Sale · Westgate, SG Highway"
/property/westport-11331-office-rent-thaltej/,/localities/thaltej/,301,Removed listing → locality guide,"11,331 sq.ft Office · Westport, Thaltej"
/property/westport-11331-office-sale-thaltej/,/localities/thaltej/,301,Removed listing → locality guide,"11,331 sq.ft Office for Sale · Westport, Thaltej"
/property/westport-5940-office-rent-thaltej/,/localities/thaltej/,301,Removed listing → locality guide,"5,940 sq.ft Office · Westport, Thaltej"
/property/westport-5940-office-sale-thaltej/,/localities/thaltej/,301,Removed listing → locality guide,"5,940 sq.ft Office for Sale · Westport, Thaltej"
/property/world-center-12000-office-rent-navrangpura/,/localities/navrangpura/,301,Removed listing → locality guide,"12,000 sq.ft Office · World Center, Navrangpura"
/property/world-center-25000-office-rent-navrangpura/,/localities/navrangpura/,301,Removed listing → locality guide,"25,000 sq.ft Office · World Center, Navrangpura"
/property/world-center-2791-office-rent-navrangpura/,/localities/navrangpura/,301,Removed listing → locality guide,"2,791 sq.ft Office · World Center, Navrangpura"
/property/world-trade-center-office-rent-gift-city/,/localities/gift-city/,301,Removed listing → locality guide,"1,540 sq.ft Office · World Trade Center, GIFT City"
/property/yogeshwar-bungalow-bungalow-350-sale-thaltej/,/localities/thaltej/,301,Removed listing → locality guide,"4 BHK 350 sq.yd Bungalow for Sale · yogeshwar Bungalow, Thaltej"
/property/zion-windfield-apartment-2598-sale-thaltej/,/localities/thaltej/,301,Removed listing → locality guide,"3 BHK 2,598 sq.ft Flat for Sale · Zion windfield, Thaltej"
/property/zion-z1-office-rent-thaltej/,/localities/thaltej/,301,Removed listing → locality guide,"2,972 sq.ft Office · Zion Z1, Thaltej"
/property/zodiac-plaza-office-rent-navrangpura/,/localities/navrangpura/,301,Removed listing → locality guide,"7,625 sq.ft Office · Zodiac Plaza, Navrangpura"
/buy/bungalow-in-manekbag/,/localities/manekbag/,301,Empty locality+type page → locality guide,
/buy/bungalow-in-prahlad-nagar/,/localities/prahlad-nagar/,301,Empty locality+type page → locality guide,
/buy/bungalow-in-shilaj/,/localities/shilaj/,301,Empty locality+type page → locality guide,
/buy/bungalow-in-thaltej/,/localities/thaltej/,301,Empty locality+type page → locality guide,
/buy/bungalow-in-vastrapur/,/localities/vastrapur/,301,Empty locality+type page → locality guide,
/buy/flat-in-ambli/,/localities/ambli/,301,Empty locality+type page → locality guide,
/buy/flat-in-bodakdev/,/localities/bodakdev/,301,Empty locality+type page → locality guide,
/buy/flat-in-bopal/,/localities/bopal/,301,Empty locality+type page → locality guide,
/buy/flat-in-naranpura/,/localities/naranpura/,301,Empty locality+type page → locality guide,
/buy/flat-in-satellite/,/localities/satellite/,301,Empty locality+type page → locality guide,
/buy/flat-in-shantigram/,/localities/shantigram/,301,Empty locality+type page → locality guide,
/buy/flat-in-thaltej/,/localities/thaltej/,301,Empty locality+type page → locality guide,
/buy/flat-in-vastrapur/,/localities/vastrapur/,301,Empty locality+type page → locality guide,
/buy/office-space-in-ambawadi/,/localities/ambawadi/,301,Empty locality+type page → locality guide,
/buy/office-space-in-ambli/,/localities/ambli/,301,Empty locality+type page → locality guide,
/buy/office-space-in-bodakdev/,/localities/bodakdev/,301,Empty locality+type page → locality guide,
/buy/office-space-in-bopal/,/localities/bopal/,301,Empty locality+type page → locality guide,
/buy/office-space-in-charodi/,/localities/charodi/,301,Empty locality+type page → locality guide,
/buy/office-space-in-ghatlodia/,/localities/ghatlodia/,301,Empty locality+type page → locality guide,
/buy/office-space-in-jodhpur/,/localities/jodhpur/,301,Empty locality+type page → locality guide,
/buy/office-space-in-makarba/,/localities/makarba/,301,Empty locality+type page → locality guide,
/buy/office-space-in-memnagar/,/localities/memnagar/,301,Empty locality+type page → locality guide,
/buy/office-space-in-navrangpura/,/localities/navrangpura/,301,Empty locality+type page → locality guide,
/buy/office-space-in-paldi/,/localities/paldi/,301,Empty locality+type page → locality guide,
/buy/office-space-in-prahlad-nagar/,/localities/prahlad-nagar/,301,Empty locality+type page → locality guide,
/buy/office-space-in-satellite/,/localities/satellite/,301,Empty locality+type page → locality guide,
/buy/office-space-in-sg-highway/,/localities/sg-highway/,301,Empty locality+type page → locality guide,
/buy/office-space-in-shilaj/,/localities/shilaj/,301,Empty locality+type page → locality guide,
/buy/office-space-in-thaltej/,/localities/thaltej/,301,Empty locality+type page → locality guide,
/buy/office-space-in-vastrapur/,/localities/vastrapur/,301,Empty locality+type page → locality guide,
/buy/plot-in-rancharda/,/localities/rancharda/,301,Empty locality+type page → locality guide,
/buy/showroom-in-bodakdev/,/localities/bodakdev/,301,Empty locality+type page → locality guide,
/buy/showroom-in-bopal/,/localities/bopal/,301,Empty locality+type page → locality guide,
/buy/showroom-in-navrangpura/,/localities/navrangpura/,301,Empty locality+type page → locality guide,
/buy/showroom-in-satellite/,/localities/satellite/,301,Empty locality+type page → locality guide,
/buy/showroom-in-sg-highway/,/localities/sg-highway/,301,Empty locality+type page → locality guide,
/buy/showroom-in-sindhu-bhavan-road/,/localities/sindhu-bhavan-road/,301,Empty locality+type page → locality guide,
/buy/showroom-in-thaltej/,/localities/thaltej/,301,Empty locality+type page → locality guide,
/buy/showroom-in-vastrapur/,/localities/vastrapur/,301,Empty locality+type page → locality guide,
/rent/bungalow-in-satellite/,/localities/satellite/,301,Empty locality+type page → locality guide,
/rent/bungalow-in-thaltej/,/localities/thaltej/,301,Empty locality+type page → locality guide,
/rent/flat-in-bopal/,/localities/bopal/,301,Empty locality+type page → locality guide,
/rent/flat-in-prahlad-nagar/,/localities/prahlad-nagar/,301,Empty locality+type page → locality guide,
/rent/flat-in-south-bopal/,/localities/south-bopal/,301,Empty locality+type page → locality guide,
/rent/flat-in-thaltej/,/localities/thaltej/,301,Empty locality+type page → locality guide,
/rent/office-space-in-ambawadi/,/localities/ambawadi/,301,Empty locality+type page → locality guide,
/rent/office-space-in-ambli/,/localities/ambli/,301,Empty locality+type page → locality guide,
/rent/office-space-in-ashram-road/,/localities/ashram-road/,301,Empty locality+type page → locality guide,
/rent/office-space-in-bodakdev/,/localities/bodakdev/,301,Empty locality+type page → locality guide,
/rent/office-space-in-charodi/,/localities/charodi/,301,Empty locality+type page → locality guide,
/rent/office-space-in-ellisbridge/,/localities/ellisbridge/,301,Empty locality+type page → locality guide,
/rent/office-space-in-ghatlodia/,/localities/ghatlodia/,301,Empty locality+type page → locality guide,
/rent/office-space-in-jodhpur/,/localities/jodhpur/,301,Empty locality+type page → locality guide,
/rent/office-space-in-makarba/,/localities/makarba/,301,Empty locality+type page → locality guide,
/rent/office-space-in-memnagar/,/localities/memnagar/,301,Empty locality+type page → locality guide,
/rent/office-space-in-navrangpura/,/localities/navrangpura/,301,Empty locality+type page → locality guide,
/rent/office-space-in-paldi/,/localities/paldi/,301,Empty locality+type page → locality guide,
/rent/office-space-in-prahlad-nagar/,/localities/prahlad-nagar/,301,Empty locality+type page → locality guide,
/rent/office-space-in-satellite/,/localities/satellite/,301,Empty locality+type page → locality guide,
/rent/office-space-in-science-city/,/localities/science-city/,301,Empty locality+type page → locality guide,
/rent/office-space-in-sg-highway/,/localities/sg-highway/,301,Empty locality+type page → locality guide,
/rent/office-space-in-shilaj/,/localities/shilaj/,301,Empty locality+type page → locality guide,
/rent/office-space-in-shyamal/,/localities/shyamal/,301,Empty locality+type page → locality guide,
/rent/office-space-in-sola/,/localities/sola/,301,Empty locality+type page → locality guide,
/rent/office-space-in-thaltej/,/localities/thaltej/,301,Empty locality+type page → locality guide,
/rent/office-space-in-vastrapur/,/localities/vastrapur/,301,Empty locality+type page → locality guide,
/rent/showroom-in-ambli/,/localities/ambli/,301,Empty locality+type page → locality guide,
/rent/showroom-in-bodakdev/,/localities/bodakdev/,301,Empty locality+type page → locality guide,
/rent/showroom-in-gurukul/,/localities/gurukul/,301,Empty locality+type page → locality guide,
/rent/showroom-in-navrangpura/,/localities/navrangpura/,301,Empty locality+type page → locality guide,
/rent/showroom-in-prahlad-nagar/,/localities/prahlad-nagar/,301,Empty locality+type page → locality guide,
/rent/showroom-in-satellite/,/localities/satellite/,301,Empty locality+type page → locality guide,
/rent/showroom-in-science-city/,/localities/science-city/,301,Empty locality+type page → locality guide,
/rent/showroom-in-sg-highway/,/localities/sg-highway/,301,Empty locality+type page → locality guide,
/rent/showroom-in-sindhu-bhavan-road/,/localities/sindhu-bhavan-road/,301,Empty locality+type page → locality guide,
/rent/showroom-in-thaltej/,/localities/thaltej/,301,Empty locality+type page → locality guide,
/rent/showroom-in-vastrapur/,/localities/vastrapur/,301,Empty locality+type page → locality guide,
